CAPENT_ID	TIPO_CAPITOLO	ANNO_ESERCIZIO	NUMERO_CAPITOLO	NUMERO_ARTICOLO	NUMERO_UEB	DESCRIZIONE	DESCRIZIONE_ARTICOLO	TITOLO	TIPOLOGIA	CATEGORIA	PDC_FIN_QUARTO	PDC_FIN_QUINTO	NOTE	FLAG_RILEVANTE_IVA	FLAG_PER_MEMORIA	TIPO_FINANZIAMENTO	TIPO_VINCOLO	TIPO_FONDO	SIOPE_LIVELLO_1	SIOPE_LIVELLO_2	SIOPE_LIVELLO_3	CLASSIFICATORE_1	CLASSIFICATORE_2	CLASSIFICATORE_3	CLASSIFICATORE_4	CLASSIFICATORE_5	CLASSIFICATORE_6	CLASSIFICATORE_7	CLASSIFICATORE_8	CLASSIFICATORE_9	CLASSIFICATORE_10	CLASSIFICATORE_11	CLASSIFICATORE_12	CLASSIFICATORE_13	CLASSIFICATORE_14	CLASSIFICATORE_15	CENTRO_RESP	CDC	CLASSE_CAPITOLO	FLAG_ACCERTABILE	STANZIAMENTO_INIZIALE	STANZIAMENTO_INIZIALE_RES	STANZIAMENTO_INIZIALE_CASSA	STANZIAMENTO	STANZIAMENTO_RES	STANZIAMENTO_CASSA	STANZIAMENTO_INIZIALE_ANNO2	STANZIAMENTO_ANNO2	STANZIAMENTO_INIZIALE_ANNO3	STANZIAMENTO_ANNO3	FL_MIGRATO	DATA_INS	ENTE_PROPRIETARIO_ID
9027	CAP-EG	2016	30000700	0	1	EX413000 - Rimborsi per oneri di verifica e certificazione di operazioni di bonifica ambientale		3000000	3010000	3010200	E.3.01.02.01.000			N	N																						008		STD	S	0	0	0	25000	0	25000	0	0	0	0	N	10/02/2016 13:50:40	31
9031	CAP-EG	2016	30001200	0	1	EX419000 - Proventi del servizio Risorse idriche (canoni, spese d'istruttoria, ecc.)		3000000	3010000	3010200	E.3.01.02.01.000			N	N																						009		STD	S	0	0	0	11000	0	11000	0	0	0	0	N	10/02/2016 13:50:40	31
9044	CAP-EG	2016	30002100	0	1	EX491000 - Introiti da sanzioni amministrative in materia di pesca e per recuperi ittici - L. R. 37/2006		3000000	3020000	3020200	E.3.02.02.01.000			N	N																						026		STD	S	0	0	0	5000	0	5000	0	0	0	0	N	10/02/2016 13:50:40	31
9047	CAP-EG	2016	30002700	0	1	EX510000 - Introiti da sanzioni pecuniarie previste in materia di polizia mineraria		3000000	3020000	3020300	E.3.02.03.01.000			N	N																						009		STD	S	0	0	0	0	0	0	0	0	0	0	N	10/02/2016 13:50:40	31
9051	CAP-EG	2016	30003000	0	1	EX680000 - Introiti da compagnie di assicurazione per danni causati a beni demaniali o patrimoniali dell'Ente		3000000	3050000	3050100	E.3.05.01.01.000			N	N																						007		STD	S	0	0	0	51363	0	51363	0	0	0	0	N	10/02/2016 13:50:40	31
9055	CAP-EG	2016	40000500	0	1	EX775000 - Trasferimenti statali per Giochi Olimpici 2006		4000000	4020000	4020100	E.4.02.01.01.000			N	N																						004		STD	S	0	0	0	0	0	0	0	0	0	0	N	10/02/2016 13:50:40	31
9056	CAP-EG	2016	40000600	0	1	EX780000 - Contributo statale per ripristino danni eventi alluvionali del 14/15/16 ottobre 2000 - ordinanza Ministero dell'Interno n. 3090 del 18.10.2000		4000000	4020000	4020100	E.4.02.01.01.000			N	N																						016		STD	S	0	0	0	0	0	0	0	0	0	0	N	10/02/2016 13:50:40	31
9059	CAP-EG	2016	40000300	0	1	EX767000 - Trasferimenti da Ministero delle Infrastrutture per interventi di adeguamento alla normativa antisismica - DM 3/10/2012		4000000	4020000	4020100	E.4.02.01.01.000			N	N																						026		STD	S	0	0	0	142500	90000	232500	0	0	0	0	N	10/02/2016 13:50:40	31
9063	CAP-EG	2016	40000900	0	1	EX809000 - Trasferimento Regione Piemonte direzione Cultura turismo e sport per progetto "Dalle terre d'acqua fino al Monte Rosa in bici"		4000000	4020000	4020100	E.4.02.01.02.000			N	N																						008		STD	S	0	0	0	0	0	0	0	0	0	0	N	10/02/2016 13:50:40	31
9067	CAP-EG	2016	40000700	0	1	EX804000 - Trasferimento regionale per acquisto materiale rotabile per aziende di trasporto pubblico locale		4000000	4020000	4020100	E.4.02.01.02.000			N	N																						026		STD	S	0	0	0	150000	0	150000	0	0	0	0	N	10/02/2016 13:50:40	31
9070	CAP-EG	2016	40001500	0	1	EX830000 - Piano regionale edilizia scolastica legge 23/1996		4000000	4020000	4020100	E.4.02.01.02.000			N	N																						026		STD	S	0	0	0	0	0	0	0	0	0	0	N	10/02/2016 13:50:40	31
9072	CAP-EG	2016	40001700	0	1	EX864000 - Trasferimenti per interventi sulla viabilita provinciale connessi alla realizzazione della linea ferroviaria ad alta velocita		4000000	4020000	4020300	E.4.02.03.03.000			N	N																						016		STD	S	0	0	0	113000	0	113000	0	0	0	0	N	10/02/2016 13:50:40	31
9075	CAP-EG	2016	40002000	0	1	EX863000 - Contributo Fondazione Cassa di Risparmio di Torino progetto gestione informatizzata dei mezzi di soccorso della protezione civile		4000000	4020000	4020400	E.4.02.04.01.000			N	N																						016		STD	S	0	0	0	0	0	0	0	0	0	0	N	10/02/2016 13:50:40	31
9080	CAP-EG	2016	50000100	0	1	EX876000 - Recupero anticipazione per gestione Distretto del Vino "Canavese, Coste della Sesia, Colline Novaresi" - quota a carico delle Province		5000000	5020000	5020100	E.5.02.01.02.000			N	N																						007		STD	S	0	0	0	0	0	0	0	0	0	0	N	10/02/2016 13:50:40	31
9084	CAP-EG	2016	60000100	0	1	EX1054000 - Mutuo per interventi di adeguamento a norma, ristrutturazione e restauro in istituti scolastici		6000000	6030000	6030100	E.6.03.01.04.000			N	N																						007		STD	S	0	0	0	1370000	0	1370000	0	0	0	0	N	10/02/2016 13:50:40	31
8988	CAP-EG	2016	20002900	0	1	EX346000 - Trasferimenti Regione Piemonte direttiva formazione continua (legge 236/1993): piani aziendali, settoriali e territoriali concordati tra le parti sociali		2000000	2010100	2010102	E.2.01.01.02.000			N	N																						004		STD	S	0	0	0	0	0	0	0	0	0	0	N	10/02/2016 13:50:40	31
9003	CAP-EG	2016	20002600	0	1	EX335000 - Trasferimenti Regione Piemonte del fondo unico per monetizzazione spese di personale e spese di funzionamento per funzioni delegate ex L. R. 44/2000 E L. R. 5/2001		2000000	2010100	2010102	E.2.01.01.02.000			N	N																						007		STD	S	0	0	0	2993612,71	1218592,81	4212205,52	0	0	0	0	N	10/02/2016 13:50:40	31
9061	CAP-EG	2016	40001100	0	1	EX815000 - Contributo regionale per progetto Iniziative per il miglioramento della sicurezza e riqualificazione dell'offerta del sistema sciistico delle montagne vercellesi		4000000	4020000	4020100	E.4.02.01.02.000			N	N																						004		STD	S	0	0	0	300000	180000	480000	0	0	0	0	N	10/02/2016 13:50:40	31
8979	CAP-EG	2016	20001000	0	1	EX190000 - Trasferimenti regionali di fondi iniziativa comunitaria Interreg III		2000000	2010100	2010102	E.2.01.01.02.000			N	N																						004		STD	S	0	0	0	30891,19	13571,95	44463,14	0	0	0	0	N	10/02/2016 13:50:40	31
8999	CAP-EG	2016	20004100	0	1	EX366000 - Trasferimenti da Regione Piemonte - Direttiva mercato del lavoro - Fondi comunitari		2000000	2010100	2010102	E.2.01.01.02.000			N	N																						004		STD	S	0	0	0	1454890,13	15138,82	1470028,95	0	0	0	0	N	10/02/2016 13:50:40	31
9030	CAP-EG	2016	30000100	0	1	EX406000 - Rimborso spese di istruttoria autorizzazioni in materia di cave		3000000	3010000	3010200	E.3.01.02.01.000			N	N																						009		STD	S	0	0	0	3000	0	3000	0	0	0	0	N	10/02/2016 13:50:40	31
9077	CAP-EG	2016	40002300	0	1	EX755000 - Introiti da alienazione di beni immobili		4000000	4040000	4040100	E.4.04.01.08.000			N	N																						007		STD	S	0	0	0	466620	0	466620	0	0	0	0	N	10/02/2016 13:50:40	31
548305	CAP-EG	2016	60000400	0	1	mutuo per adeguamento locali in sede centrale a norme antincendio		6000000	6030000	6030100	E.6.03.01.04.000			N	N																						000		STD	S	0	0	0	0	0	0	0	0	0	0	N	10/02/2016 13:50:40	31
1374050	CAP-EG	2016	20000110	0	1	Fondo per straordinarie esigenze finanziarie - art		2000000	2010100	2010101	E.2.01.01.01.000			N	N																						007		STD	S	0	0	0	267445,19	267445,19	534890,38	0	0	0	0	N	10/02/2016 13:50:40	31
8986	CAP-EG	2016	20002700	0	1	EX336000 - Trasferimenti Regione Piemonte del fondo unico per la Consiglier¿ di parit¿		2000000	2010100	2010102	E.2.01.01.02.000			N	N																						004		STD	S	0	0	0	0	2677,59	2677,59	0	0	0	0	N	10/02/2016 13:50:40	31
8987	CAP-EG	2016	20002800	0	1	EX345000 - Trasferimenti da Regione Piemonte per funzioni delegate in materia di mercato del lavoro (L.R. 34/2008)		2000000	2010100	2010102	E.2.01.01.02.000			N	N																						004		STD	S	0	0	0	219900	0	219900	0	0	0	0	N	10/02/2016 13:50:40	31
8989	CAP-EG	2016	20003000	0	1	EX348000 - Trasferimenti da Regione Piemonte per Attivit¿ di Assistenza tecnica - POR		2000000	2010100	2010102	E.2.01.01.02.000			N	N																						004		STD	S	0	0	0	0	0	0	0	0	0	0	N	10/02/2016 13:50:40	31
8990	CAP-EG	2016	20003100	0	1	EX349000 - Trasferimenti Regione Piemonte Direttiva formazione continua individuale		2000000	2010100	2010102	E.2.01.01.02.000			N	N																						004		STD	S	0	0	0	655855,81	246601,61	902457,42	0	0	0	0	N	10/02/2016 13:50:40	31
8991	CAP-EG	2016	20003200	0	1	EX350000 - Trasferimenti Regione Piemonte per funzioni delegate in materia di orientamento per l'obbligo formativo		2000000	2010100	2010102	E.2.01.01.02.000			N	N																						004		STD	S	0	0	0	0	0	0	0	0	0	0	N	10/02/2016 13:50:40	31
8992	CAP-EG	2016	20003300	0	1	EX352000 - Trasferimenti Regione Piemonte per funzioni delegate in materia di edilizia scolastica (L. R. 5/2001) e di istruzione, diritto allo studio e libera scelta educativa (L. R. 28/2007)		2000000	2010100	2010102	E.2.01.01.02.000			N	N																						004		STD	S	0	0	0	567194,41	849934,21	1417128,62	0	0	0	0	N	10/02/2016 13:50:40	31
8993	CAP-EG	2016	20003500	0	1	EX357000 - Trasferimenti Regione Piemonte Direttiva Obbligo d'Istruzione - Diritto/Dovere - Fondi Comunitari		2000000	2010100	2010102	E.2.01.01.02.000			N	N																						004		STD	S	0	0	0	295389,15	95790,38	391179,53	0	0	0	0	N	10/02/2016 13:50:40	31
8994	CAP-EG	2016	20003600	0	1	EX358000 - Trasferimenti Regione Piemonte Direttiva Obbligo d'Istruzione - Diritto/Dovere - Fondi Statali		2000000	2010100	2010102	E.2.01.01.02.000			N	N																						004		STD	S	0	0	0	227971,51	171810,24	399781,75	0	0	0	0	N	10/02/2016 13:50:40	31
8995	CAP-EG	2016	20003700	0	1	EX359000 - Trasferimenti Regione Piemonte Direttiva Obbligo d'Istruzione - Diritto/Dovere - Fondi regionali		2000000	2010100	2010102	E.2.01.01.02.000			N	N																						004		STD	S	0	0	0	296756,75	227868,01	524624,76	0	0	0	0	N	10/02/2016 13:50:40	31
8996	CAP-EG	2016	20003800	0	1	EX360000 - Trasferimenti Regione Piemonte per funzioni delegate in materia di apprendistato - fondi ministeriali		2000000	2010100	2010102	E.2.01.01.02.000			N	N																						004		STD	S	0	0	0	509922,66	385293,89	895216,55	0	0	0	0	N	10/02/2016 13:50:40	31
8998	CAP-EG	2016	20004000	0	1	EX363000 - Trasferimenti da Regione Piemonte - Direttiva occupati - Fondi comunitari		2000000	2010100	2010102	E.2.01.01.02.000			N	N																						004		STD	S	0	0	0	474364,25	22562,8	496927,05	0	0	0	0	N	10/02/2016 13:50:40	31
9001	CAP-EG	2016	20004500	0	1	EX396000 - Contributi da Comuni a sostegno di iniziative provinciali		2000000	2010100	2010102	E.2.01.01.02.000			N	N																						004		STD	S	0	0	0	2253,99	0	2253,99	0	0	0	0	N	10/02/2016 13:50:40	31
9004	CAP-EG	2016	20004300	0	1	EX384000 - Contributo dal Comune di Varallo Sesia ad integrazione fondi per oneri istituti scolastici trasferiti alla Provincia		2000000	2010100	2010102	E.2.01.01.02.000			N	N																						007		STD	S	0	0	0	0	55296,35	55296,35	0	0	0	0	N	10/02/2016 13:50:40	31
9005	CAP-EG	2016	20004400	0	1	EX385000 - Contributo dal Comune di Vercelli ad integrazione fondi per oneri istituti scolastici trasferiti alla Provincia 		2000000	2010100	2010102	E.2.01.01.02.000			N	N																						007		STD	S	0	0	0	0	74369,94	74369,94	0	0	0	0	N	10/02/2016 13:50:40	31
9007	CAP-EG	2016	20000900	0	1	EX189000 - Trasferimenti regionali di fondi europei 		2000000	2010100	2010102	E.2.01.01.02.000			N	N																						008		STD	S	0	0	0	0	0	0	0	0	0	0	N	10/02/2016 13:50:40	31
9008	CAP-EG	2016	20001100	0	1	EX195000 - Contributi regionali per attivit¿ di promozione agricola (L.R. 63/1978)		2000000	2010100	2010102	E.2.01.01.02.000			N	N																						009		STD	S	0	0	0	0	0	0	0	0	0	0	N	10/02/2016 13:50:40	31
9010	CAP-EG	2016	20001800	0	1	EX266000 - Contributo Regione Piemonte per territori di confine		2000000	2010100	2010102	E.2.01.01.02.000			N	N																						016		STD	S	0	0	0	686000	686356	1372356	0	0	0	0	N	10/02/2016 13:50:40	31
9012	CAP-EG	2016	20001400	0	1	EX230000 - Trasferimenti regionali per interventi in materia di tutela della fauna selvatica e di disciplina venatoria		2000000	2010100	2010102	E.2.01.01.02.000			N	N																						026		STD	S	0	0	0	0	0	0	0	0	0	0	N	10/02/2016 13:50:40	31
9013	CAP-EG	2016	20001700	0	1	EX250000 - Trasferimenti Regione Piemonte per funzioni delegate in materia di tutela della fauna ittica		2000000	2010100	2010102	E.2.01.01.02.000			N	N																						026		STD	S	0	0	0	0	0	0	0	0	0	0	N	10/02/2016 13:50:40	31
9015	CAP-EG	2016	20002200	0	1	EX321000 - Fondo regionale trasporti (art. 19 D. LGS. 422/1997)		2000000	2010100	2010102	E.2.01.01.02.000			N	N																						026		STD	S	0	0	0	6274601	1968373,07	8242974,07	0	0	0	0	N	10/02/2016 13:50:40	31
9016	CAP-EG	2016	20002300	0	1	EX322000 - Trasferimenti Regione Piemonte per rimborso trasporto gratuito disabili (L.R. 37/85)		2000000	2010100	2010102	E.2.01.01.02.000			N	N																						026		STD	S	0	0	0	0	0	0	0	0	0	0	N	10/02/2016 13:50:40	31
9017	CAP-EG	2016	20002400	0	1	EX323000 - Trasferimento della quota regionale dell'IVA corrisposta sui contratti di servizio del trasporto pubblico locale		2000000	2010100	2010102	E.2.01.01.02.000			N	N																						026		STD	S	0	0	0	0	160232,89	160232,89	0	0	0	0	N	10/02/2016 13:50:40	31
9019	CAP-EG	2016	20004900	0	1	EX520000 - Introiti da sponsorizzazioni di manifestazioni culturali, sportive, turistiche e di promozione del territorio		2000000	2010400	2010401	E.2.01.04.01.000			N	N																						004		STD	S	0	0	0	0	0	0	0	0	0	0	N	10/02/2016 13:50:40	31
9021	CAP-EG	2016	20005200	0	1	EX377000 - Progetto ECORICE - LIFE+ 2009		2000000	2010500	2010501	E.2.01.05.01.000			N	N																						008		STD	S	0	0	0	0	0	0	0	0	0	0	N	10/02/2016 13:50:40	31
9022	CAP-EG	2016	30000500	0	1	EX410000 - Diritti di segreteria e di rogito		3000000	3010000	3010200	E.3.01.02.01.000			N	N																						001		STD	S	0	0	0	30000	0	30000	0	0	0	0	N	10/02/2016 13:50:40	31
9023	CAP-EG	2016	30000200	0	1	EX407000 - Rimborso spese di istruttoria autorizzazioni in materia di energia		3000000	3010000	3010200	E.3.01.02.01.000			N	N																						004		STD	S	0	0	0	3000	0	3000	0	0	0	0	N	10/02/2016 13:50:40	31
9024	CAP-EG	2016	30000300	0	1	EX408000 - Rimborso spese d'istruttoria pratiche sottoposte a valutazione di impatto ambientale		3000000	3010000	3010200	E.3.01.02.01.000			N	N																						004		STD	S	0	0	0	15000	0	15000	0	0	0	0	N	10/02/2016 13:50:40	31
9026	CAP-EG	2016	30000400	0	1	EX409000 - Rimborso spese d'istruttoria pratiche di prevenzione e riduzione integrate dell'inquinamento (i. p .p .c.) e installazione impianti radioelettrici		3000000	3010000	3010200	E.3.01.02.01.000			N	N																						008		STD	S	0	0	0	44000	18615,88	62615,88	0	0	0	0	N	10/02/2016 13:50:40	31
9028	CAP-EG	2016	30000800	0	1	EX414000 - Rimborso spese di istruttoria per autorizzazioni scarichi di acque reflue		3000000	3010000	3010200	E.3.01.02.01.000			N	N																						008		STD	S	0	0	0	7000	0	7000	0	0	0	0	N	10/02/2016 13:50:40	31
9029	CAP-EG	2016	30000900	0	1	EX415000 - Diritti d'iscrizione all'apposito registro delle imprese esercenti attivita di recupero dei rifiuti (art. 31 E 33 D. LGS. 22/97) e trasporti transfrontalieri di rifiuti		3000000	3010000	3010200	E.3.01.02.01.000			N	N																						008		STD	S	0	0	0	20000	0	20000	0	0	0	0	N	10/02/2016 13:50:40	31
9032	CAP-EG	2016	30001000	0	1	EX416000 - Rimborso spese d'istruttoria per rilascio autorizzazioni e concessioni concernenti il demanio provinciale		3000000	3010000	3010200	E.3.01.02.01.000			N	N																						016		STD	S	0	0	0	80000	0	80000	0	0	0	0	N	10/02/2016 13:50:40	31
9033	CAP-EG	2016	30001100	0	1	EX418000 - Diritti per rilascio licenza di trasporto c/ proprio ed esami di idoneita istruttori autoscuole (legge 870/1986)		3000000	3010000	3010200	E.3.01.02.01.000			N	N																						026		STD	S	0	0	0	15000	0	15000	0	0	0	0	N	10/02/2016 13:50:40	31
9034	CAP-EG	2016	30001300	0	1	EX435000 - Canone occupazione spazi ed aree pubbliche (D. LGS. 446/97 art. 63)		3000000	3010000	3010300	E.3.01.03.01.000			N	N																						007		STD	S	0	0	0	61434,25	0	61434,25	0	0	0	0	N	10/02/2016 13:50:40	31
9085	CAP-EG	2016	60000200	0	1	EX1306000 - Mutuo per sistemazione demanio stradale provinciale		6000000	6030000	6030100	E.6.03.01.04.000			N	N																						007		STD	S	0	0	0	2555000	270119,33	2825119,33	0	0	0	0	N	10/02/2016 13:50:40	31
9035	CAP-EG	2016	30001400	0	1	EX436000 - Canone per l'autorizzazione di spazi pubblicitari lungo od in vista delle strade provinciali		3000000	3010000	3010300	E.3.01.03.01.000			N	N																						016		STD	S	0	0	0	80000	0	80000	0	0	0	0	N	10/02/2016 13:50:40	31
9036	CAP-EG	2016	30001500	0	1	EX635000 - Canoni di concessione della gestione dei diritti esclusivi di pesca della Provincia		3000000	3010000	3010300	E.3.01.03.01.000			N	N																						026		STD	S	0	0	0	27600	0	27600	0	0	0	0	N	10/02/2016 13:50:40	31
9037	CAP-EG	2016	30001800	0	1	EX440000 - Rimborso spese per utilizzo impianti sportivi e locali per riunioni		3000000	3010000	3010300	E.3.01.03.02.000			N	N																						004		STD	S	0	0	0	10000	0	10000	0	0	0	0	N	10/02/2016 13:50:40	31
9038	CAP-EG	2016	30001600	0	1	EX420000 - Fitti reali dei fabbricati provinciali		3000000	3010000	3010300	E.3.01.03.02.000			N	N																						007		STD	S	0	0	0	215645	107912,72	323557,72	0	0	0	0	N	10/02/2016 13:50:40	31
9039	CAP-EG	2016	30001700	0	1	EX430000 - Fitti reali dei terreni provinciali		3000000	3010000	3010300	E.3.01.03.02.000			N	N																						007		STD	S	0	0	0	1090	6,65	1096,65	0	0	0	0	N	10/02/2016 13:50:40	31
9040	CAP-EG	2016	30001900	0	1	EX495000 - Introiti per sanzioni a Comuni che non hanno raggiunto la percentuale di raccolta differenziata ex D. L.vo 22/1997		3000000	3020000	3020100	E.3.02.01.01.000			N	N																						008		STD	S	0	0	0	0	0	0	0	0	0	0	N	10/02/2016 13:50:40	31
9041	CAP-EG	2016	30002200	0	1	EX650000 - Introiti da sanzioni per infrazioni al Codice della Strada (art. 208 comma 4 D. LGS. 285/1992)		3000000	3020000	3020200	E.3.02.02.01.000			N	N																						016		STD	S	0	0	0	846000	1031098,51	1877098,51	0	0	0	0	N	10/02/2016 13:50:40	31
9042	CAP-EG	2016	30002300	0	1	EX651000 - Riscossione coattiva di sanzioni per infrazioni al codice della strada		3000000	3020000	3020200	E.3.02.02.01.000			N	N																						016		STD	S	0	0	0	0	3108623,52	3108623,52	0	0	0	0	N	10/02/2016 13:50:40	31
9043	CAP-EG	2016	30002000	0	1	EX490000 - Introiti da sanzioni per infrazioni ai regolamenti in materia venatoria		3000000	3020000	3020200	E.3.02.02.01.000			N	N																						026		STD	S	0	0	0	5000	0	5000	0	0	0	0	N	10/02/2016 13:50:40	31
9045	CAP-EG	2016	30002400	0	1	EX480000 - Introiti da sanzioni per scarichi acque reflue		3000000	3020000	3020300	E.3.02.03.01.000			N	N																						008		STD	S	0	0	0	11000	0	11000	0	0	0	0	N	10/02/2016 13:50:40	31
9046	CAP-EG	2016	30002600	0	1	EX500000 - Introiti da sanzioni pecuniarie previste in materia di inquinamento		3000000	3020000	3020300	E.3.02.03.01.000			N	N																						008		STD	S	0	0	0	0	13592,14	13592,14	0	0	0	0	N	10/02/2016 13:50:40	31
9048	CAP-EG	2016	30002500	0	1	EX481000 - Introiti da sanzioni in materia di trasporto pubblico		3000000	3020000	3020300	E.3.02.03.01.000			N	N																						026		STD	S	0	0	0	0	0	0	0	0	0	0	N	10/02/2016 13:50:40	31
9049	CAP-EG	2016	30002800	0	1	EX685000 - Introiti da interest rate swap		3000000	3030000	3030300	E.3.03.03.01.000			N	N																						007		STD	S	0	0	0	3000	1228,8	4228,8	0	0	0	0	N	10/02/2016 13:50:40	31
9050	CAP-EG	2016	30002900	0	1	EX460000 - Interessi sulle giacenze di cassa		3000000	3030000	3030300	E.3.03.03.04.000			N	N																						007		STD	S	0	0	0	15000	7483,36	22483,36	0	0	0	0	N	10/02/2016 13:50:40	31
9052	CAP-EG	2016	30003100	0	1	EX690000 - Rimborsi spese a carico di enti diversi		3000000	3050000	3050200	E.3.05.02.01.000			N	N																						007		STD	S	0	0	0	112237	76992,87	189229,87	0	0	0	0	N	10/02/2016 13:50:40	31
9053	CAP-EG	2016	30003300	0	1	EX611000 - Introito di fondi per la formazione professionale e il mercato del lavoro restituiti dagli operatori		3000000	3050000	3050200	E.3.05.02.03.000			N	N																						004		STD	S	0	0	0	0	0	0	0	0	0	0	N	10/02/2016 13:50:40	31
9054	CAP-EG	2016	30003200	0	1	EX610000 - Introiti e rimborsi eventuali e diversi 		3000000	3050000	3050200	E.3.05.02.03.000			N	N																						007		STD	S	0	0	0	33000	18163,96	51163,96	0	0	0	0	N	10/02/2016 13:50:40	31
9057	CAP-EG	2016	40000100	0	1	EX765000 - Trasferimenti statali piano straordinario stralcio di interventi urgenti sul patrimonio scolastico		4000000	4020000	4020100	E.4.02.01.01.000			N	N																						026		STD	S	0	0	0	0	0	0	0	0	0	0	N	10/02/2016 13:50:40	31
9058	CAP-EG	2016	40000200	0	1	EX766000 - Finanziamento da Ministero dell'Istruzione (MIUR) di lavori di adeguamento alle norme di prevenzione incendi negli edifici scolastici		4000000	4020000	4020100	E.4.02.01.01.000			N	N																						026		STD	S	0	0	0	373629,36	82409,95	456039,31	0	0	0	0	N	10/02/2016 13:50:40	31
9060	CAP-EG	2016	40000400	0	1	EX768000 - Trasferimenti da Ministero dell'Istruzione (MIUR) programma #scuolesicure		4000000	4020000	4020100	E.4.02.01.01.000			N	N																						026		STD	S	0	0	0	175000	159662,52	334662,52	0	0	0	0	N	10/02/2016 13:50:40	31
9062	CAP-EG	2016	40001000	0	1	EX811000 - Contributi regionali per mitigazione rischio idrogeologico		4000000	4020000	4020100	E.4.02.01.02.000			N	N																						007		STD	S	0	0	0	600000	0	600000	0	0	0	0	N	10/02/2016 13:50:40	31
9064	CAP-EG	2016	40001600	0	1	EX845000 - Contributi da Comuni per progetto "Dalle terre d'acqua fino al Monte Rosa in bici"		4000000	4020000	4020100	E.4.02.01.02.000			N	N																						008		STD	S	0	0	0	0	0	0	0	0	0	0	N	10/02/2016 13:50:40	31
9065	CAP-EG	2016	40001200	0	1	EX817000 - Trasferimenti Piano Regionale Investimenti 2003 - 2009		4000000	4020000	4020100	E.4.02.01.02.000			N	N																						016		STD	S	0	0	0	2980362,75	965250	3945612,75	0	0	0	0	N	10/02/2016 13:50:40	31
9066	CAP-EG	2016	40001300	0	1	EX819000 - Contributo regionale per piano della sicurezza stradale (Legge 144/1999)		4000000	4020000	4020100	E.4.02.01.02.000			N	N																						016		STD	S	0	0	0	175000	175000	350000	0	0	0	0	N	10/02/2016 13:50:40	31
9068	CAP-EG	2016	40000800	0	1	EX808000 - Trasferimenti regionali per intesa istituzionale Regione Piemonte - Provincia di Vercelli		4000000	4020000	4020100	E.4.02.01.02.000			N	N																						026		STD	S	0	0	0	46707,29	200694,59	247401,88	0	0	0	0	N	10/02/2016 13:50:40	31
9069	CAP-EG	2016	40001400	0	1	EX829000 - Contributo regionale per la bonifica dall'amianto negli edifici scolastici		4000000	4020000	4020100	E.4.02.01.02.000			N	N																						026		STD	S	0	0	0	0	0	0	0	0	0	0	N	10/02/2016 13:50:40	31
9071	CAP-EG	2016	40001800	0	1	EX865000 - Trasferimenti da Terna spa per opere e progetti provinciali		4000000	4020000	4020300	E.4.02.03.03.000			N	N																						004		STD	S	0	0	0	30000	29167,8	59167,8	0	0	0	0	N	10/02/2016 13:50:40	31
9073	CAP-EG	2016	40001900	0	1	EX866000 - Rimborso per oneri relativi a modificazioni della viabilit¿ a servizio di aree commerciali e industriali		4000000	4020000	4020300	E.4.02.03.03.000			N	N																						016		STD	S	0	0	0	0	0	0	0	0	0	0	N	10/02/2016 13:50:40	31
9074	CAP-EG	2016	40002100	0	1	EX867000 - Contributo da Fondazione Compagnia di san Paolo per restauro quadri, dipinti e arredi della chiesa di santa Maria di Lucedio		4000000	4020000	4020400	E.4.02.04.01.000			N	N																						007		STD	S	0	0	0	0	0	0	0	0	0	0	N	10/02/2016 13:50:40	31
9076	CAP-EG	2016	40002200	0	1	EX756000 - Introiti per alienazione di beni mobili		4000000	4040000	4040100	E.4.04.01.01.000			N	N																						007		STD	S	0	0	0	0	0	0	0	0	0	0	N	10/02/2016 13:50:40	31
9078	CAP-EG	2016	40002400	0	1	EX755000 - Introiti da alienazione di beni immobili		4000000	4040000	4040200	E.4.04.02.01.000			N	N																						007		STD	S	0	0	0	233380	4693,42	238073,42	0	0	0	0	N	10/02/2016 13:50:40	31
9079	CAP-EG	2016	40002500	0	1	EX750000 - Introiti per alienazione di quote di societ¿ partecipate		5000000	5010000	5010100	E.5.01.01.03.000			N	N																						007		STD	S	0	0	0	5300000	0	5300000	0	0	0	0	N	10/02/2016 13:50:40	31
9081	CAP-EG	2016	50000200	0	1	EX881000 - Riscossione di crediti da societa' partecipate		5000000	5030000	5030300	E.5.03.03.02.000			N	N																						007		STD	S	0	0	0	0	12000	12000	0	0	0	0	N	10/02/2016 13:50:40	31
9082	CAP-EG	2016	50000300	0	1	EX870000 - Prelievo di somme da c/ corrente "quiescenza"		5000000	5040000	5040700	E.5.04.07.01.000			N	N																						007		STD	S	0	0	0	0	0	0	0	0	0	0	N	10/02/2016 13:50:40	31
9083	CAP-EG	2016	50000400	0	1	EX871000 - Prelievo di somme da c/ corrente "mutui"		5000000	5040000	5040700	E.5.04.07.01.000			N	N																						007		STD	S	0	0	0	0	991757,9	991757,9	0	0	0	0	N	10/02/2016 13:50:40	31
8963	CAP-EG	2016	10000200	0	1	EX55000 - Imposta sulle assicurazioni contro la responsabilita civile degli autoveicoli (D. LGS. 446/97 ART. 60)		1000000	1010100	1010139	E.1.01.01.39.000			N	N																						007		STD	S	0	0	0	5350000	867203,26	6217203,26	0	0	0	0	N	10/02/2016 13:50:40	31
8964	CAP-EG	2016	10000300	0	1	EX40000 - Imposta provinciale trascrizione veicoli ed altre formalit¿ al P.R.A. (art. 56 D.LVO 446/97) - IPT		1000000	1010100	1010140	E.1.01.01.40.000			N	N																						007		STD	S	0	0	0	4950000	0	4950000	0	0	0	0	N	10/02/2016 13:50:40	31
8965	CAP-EG	2016	10000400	0	1	EX30000 - Tributo per esercizio funzioni tutela protezione ed igiene ambiente - TEFA		1000000	1010100	1010160	E.1.01.01.60.000			N	N																						007		STD	S	0	0	0	1150000	66362	1216362	0	0	0	0	N	10/02/2016 13:50:40	31
8966	CAP-EG	2016	10000600	0	1	EX90000 - 10% Tributo speciale deposito in discarica dei rifiuti solidi (L. R. 39/96)		1000000	1010100	1010199	E.1.01.01.99.000			N	N																						007		STD	S	0	0	0	25000	0	25000	0	0	0	0	N	10/02/2016 13:50:40	31
8967	CAP-EG	2016	10000700	0	1	EX91000 - 90% Tributo speciale deposito in discarica dei rifiuti solidi (art. 3, comma 24, L. 549/95) - quota da versare alla Regione Piemonte		1000000	1010100	1010199	E.1.01.01.99.000			N	N																						007		STD	S	0	0	0	225000	0	225000	0	0	0	0	N	10/02/2016 13:50:40	31
8968	CAP-EG	2016	10000800	0	1	EX400000 - Contributo a carico dei soggetti gestori di discariche di rifuti urbani, assimilabili, speciali e tossico nocivi (L.R. 59/95, ART. 41, COMMA 3)		1000000	1010100	1010199	E.1.01.01.99.000			N	N																						008		STD	S	0	0	0	40000	5246,54	45246,54	0	0	0	0	N	10/02/2016 13:50:40	31
8969	CAP-EG	2016	10000500	0	1	EX80000 - Sovraccanoni dovuti da concessionari di grandi derivazioni di acque per la produzione della forza motrice		1000000	1010100	1010199	E.1.01.01.99.000			N	N																						009		STD	S	0	0	0	45000	0	45000	0	0	0	0	N	10/02/2016 13:50:40	31
8970	CAP-EG	2016	10000900	0	1	EX85000 - Fondo sperimentale di riequilibrio per le Province (d.lgs. 68/2011)		1000000	1030100	1030101	E.1.03.01.01.000			N	N																						007		STD	S	0	0	0	1250000	1035602,2	2285602,2	0	0	0	0	N	10/02/2016 13:50:40	31
8971	CAP-EG	2016	20000400	0	1	EX166000 - Trasferimento statale agli Enti Locali per il finanziamento dell'onere relativo alla concessione di aspettative sindacali (art. 15, D.L. 492/96)		2000000	2010100	2010101	E.2.01.01.01.000			N	N																						003		STD	S	0	0	0	0	0	0	0	0	0	0	N	10/02/2016 13:50:40	31
8972	CAP-EG	2016	20000200	0	1	EX149000 - Contributi statali per politiche giovanili		2000000	2010100	2010101	E.2.01.01.01.000			N	N																						004		STD	S	0	0	0	0	0	0	0	0	0	0	N	10/02/2016 13:50:40	31
8973	CAP-EG	2016	20000300	0	1	EX160000 - Trasferimenti da Ministero dell'Economia e Finanze per gli interventi territoriali di cui all'articolo 13 comma 3quater D.L. 112/2008		2000000	2010100	2010101	E.2.01.01.01.000			N	N																						004		STD	S	0	0	0	0	0	0	0	0	0	0	N	10/02/2016 13:50:40	31
8975	CAP-EG	2016	20000500	0	1	EX170000 - Trasferimenti Regione Piemonte per l'impiego temporaneo e straordinario di lavoratori disoccupati in cantieri di lavoro di Enti Locali		2000000	2010100	2010102	E.2.01.01.02.000			N	N																						004		STD	S	0	0	0	46348,11	0	46348,11	0	0	0	0	N	10/02/2016 13:50:40	31
8977	CAP-EG	2016	20000700	0	1	EX187000 - Trasferimenti regionali finanziati dal F.S.E. - Programma Operativo Regionale 2007-2013		2000000	2010100	2010102	E.2.01.01.02.000			N	N																						004		STD	S	0	0	0	306550,74	186193,67	492744,41	0	0	0	0	N	10/02/2016 13:50:40	31
8978	CAP-EG	2016	20000800	0	1	EX188000 - Trasferimentiper progetti collegati all'I. C. EQUAL - CREDITI CSEA		2000000	2010100	2010102	E.2.01.01.02.000			N	N																						004		STD	S	0	0	0	0	0	0	0	0	0	0	N	10/02/2016 13:50:40	31
8981	CAP-EG	2016	20001300	0	1	EX220000 - Contributi Regione Piemonte per iniziative culturali, sportive e turistiche		2000000	2010100	2010102	E.2.01.01.02.000			N	N																						004		STD	S	0	0	0	44727,01	0	44727,01	0	0	0	0	N	10/02/2016 13:50:40	31
8982	CAP-EG	2016	20001500	0	1	EX235000 - Trasferimenti regionali per Ecomuseo delle Terre d'Acqua - L.R. 31/95		2000000	2010100	2010102	E.2.01.01.02.000			N	N																						004		STD	S	0	0	0	11775	0	11775	0	0	0	0	N	10/02/2016 13:50:40	31
8984	CAP-EG	2016	20002000	0	1	EX285000 - Trasferimenti Regione Piemonte per coordinamento e sostegno delle attivit¿ a favore dei giovani (L.R. 16/1995)		2000000	2010100	2010102	E.2.01.01.02.000			N	N																						004		STD	S	0	0	0	119077,5	136331,5	255409	0	0	0	0	N	10/02/2016 13:50:40	31
9086	CAP-EG	2016	60000300	0	1	EX1315000 - Mutuo per manutenzione straordinaria piano viabile bitumato 		6000000	6030000	6030100	E.6.03.01.04.000			N	N																						007		STD	S	0	0	0	0	0	0	0	0	0	0	N	10/02/2016 13:50:40	31
9087	CAP-EG	2016	90000100	0	1	EX2000 - Ritenute erariali		9000000	9010000	9010200	E.9.01.02.01.000			N	N																						003		STD	S	0	0	0	1350000	0	1350000	0	0	0	0	N	10/02/2016 13:50:40	31
9088	CAP-EG	2016	90000200	0	1	EX1000 - Ritenute previdenziali e assistenziali al personale		9000000	9010000	9010200	E.9.01.02.02.000			N	N																						003		STD	S	0	0	0	630000	0	630000	0	0	0	0	N	10/02/2016 13:50:40	31
9089	CAP-EG	2016	90000300	0	1	EX3000 - Altre ritenute al personale		9000000	9010000	9010200	E.9.01.02.99.000			N	N																						003		STD	S	0	0	0	200000	0	200000	0	0	0	0	N	10/02/2016 13:50:40	31
9091	CAP-EG	2016	90000500	0	1	EX1000 - Ritenute previdenziali e assistenziali al personale		9000000	9010000	9010300	E.9.01.03.02.000			N	N																						003		STD	S	0	0	0	70000	0,2	70000,2	0	0	0	0	N	10/02/2016 13:50:40	31
9093	CAP-EG	2016	90000700	0	1	EX5001 - Rimborso spese per servizi per conto di terzi		9000000	9020000	9029900	E.9.01.99.99.000			N	N																						007		STD	S	0	0	0	3600000	131759,54	3731759,54	0	0	0	0	N	10/02/2016 13:50:40	31
9095	CAP-EG	2016	90000900	0	1	EX5007 - Rimborso spese anticipate per conto della Provincia di Biella		9000000	9020000	9020200	E.9.02.02.02.000			N	N																						000		STD	S	0	0	0	0	0	0	0	0	0	0	N	10/02/2016 13:50:40	31
9096	CAP-EG	2016	90001100	0	1	EX7000 - Depositi per spese contrattuali		9000000	9020000	9020400	E.9.02.04.01.000			N	N																						001		STD	S	0	0	0	50000	0	50000	0	0	0	0	N	10/02/2016 13:50:40	31
9097	CAP-EG	2016	90001000	0	1	EX4000 - Depositi cauzionali		9000000	9020000	9020400	E.9.02.04.01.000			N	N																						007		STD	S	0	0	0	150000	5933,93	155933,93	0	0	0	0	N	10/02/2016 13:50:40	31
9098	CAP-EG	2016	90001200	0	1	EX5018 - P.O.R.  2004-2006 ob.3 - Restituzione fondi non utilizzati dagli assegnatari		9000000	9020000	9029900	E.9.02.99.99.000			N	N																						004		STD	S	0	0	0	1534,56	1534,56	3069,12	0	0	0	0	N	10/02/2016 13:50:40	31
548300	CAP-EG	2016	100	0	1	EX1 - Fondi Vincolati					E.0.01.01.01.000			N	N																						000		STD	S	0	0	0	0	0	0	0	0	0	0	N	10/02/2016 13:50:40	31
548301	CAP-EG	2016	200	0	1	Fondi per finanziamento spese in conto capitale					E.0.01.01.01.000			N	N																						000		STD	S	0	0	0	0	0	0	0	0	0	0	N	10/02/2016 13:50:40	31
548304	CAP-EG	2016	40000950	0	1	Contributo Regione Piemonte per ripristino danni eventi meteorologici del mese di marzo 2011 (OPCM n. 3964 del 7 settembre 2011)		4000000	4020000	4020100	E.4.02.01.02.000			N	N																						000		STD	S	0	0	0	0	0	0	0	0	0	0	N	10/02/2016 13:50:40	31
548307	CAP-EG	2016	1	0	1	EX10000000 - Fondo Pluriennale Vincolato - parte corrente					E.0.01.01.02.000			N	N																						000		STD	S	0	0	0	0	0	0	0	0	0	0	N	10/02/2016 13:50:40	31
548308	CAP-EG	2016	2	0	1	EX20000000 - Fondo Pluriennale Vincolato - parte in c/capitale					E.0.01.01.03.000			N	N																						000		STD	S	0	0	0	0	0	0	0	0	0	0	N	10/02/2016 13:50:40	31
548309	CAP-EG	2016	20000250	0	1	EX146000 - Trasferimento fondi dal Ministero del Lavoro per Centri per l'Impiego (Legge 388/2000)		2000000	2010100	2010101	E.2.01.01.01.000			N	N																						004		STD	S	0	0	0	200000	300900	500900	0	0	0	0	N	10/02/2016 13:50:40	31
548311	CAP-EG	2016	30000650	0	1	EX412000 - Proventi dei servizi resi a terzi dal Settore Agricoltura		3000000	3010000	3010200	E.3.01.02.01.000			N	N																						009		STD	S	0	0	0	4000	0	4000	0	0	0	0	N	10/02/2016 13:50:40	31
548313	CAP-EG	2016	40001350	0	1	EX795000 - Contributi regionali per interventi sulla viabilità		4000000	4020000	4020100	E.4.02.01.02.000			N	N																						016		STD	S	0	0	0	150000	0	150000	0	0	0	0	N	10/02/2016 13:50:40	31
548314	CAP-EG	2016	40002150	0	1	EX837000 - Trasferimenti da Unione Europea - Piano "Juncker"		4000000	4020000	4020500	E.4.02.05.99.000			N	N																						016		STD	S	0	0	0	2500000	0	2500000	0	0	0	0	N	10/02/2016 13:50:40	31
8974	CAP-EG	2016	20000100	0	1	EX100000 - Fondo per lo sviluppo degli investimenti (quota attribuibile alla Provincia di Vercelli)		2000000	2010100	2010101	E.2.01.01.01.000			N	N																						007		STD	S	0	0	0	441030	0	441030	0	0	0	0	N	10/02/2016 13:50:40	31
8976	CAP-EG	2016	20000600	0	1	EX171000 - Trasferimenti Regione Piemonte per sostegno e inserimento lavorativo dei disabili (L. 68/1999 e L. R. 51/2000)		2000000	2010100	2010102	E.2.01.01.02.000			N	N																						004		STD	S	0	0	0	300000	0	300000	0	0	0	0	N	10/02/2016 13:50:40	31
8980	CAP-EG	2016	20001200	0	1	EX205000 - Contributi regionali per interventi in materia di immigrazione extracomunitaria (L. R. 64/89 e D. L.vo 286/98)		2000000	2010100	2010102	E.2.01.01.02.000			N	N																						004		STD	S	0	0	0	12721,01	2543,63	15264,64	0	0	0	0	N	10/02/2016 13:50:40	31
8983	CAP-EG	2016	20001600	0	1	EX245000 - Trasferimenti regionali a sostegno di progetti di integrazione scolastica		2000000	2010100	2010102	E.2.01.01.02.000			N	N																						004		STD	S	0	0	0	0	0	0	0	0	0	0	N	10/02/2016 13:50:40	31
8985	CAP-EG	2016	20002500	0	1	EX331000 - Trasferimenti da Regione Piemonte direttiva formazione per la salute e la sicurezza sui luoghi di lavoro		2000000	2010100	2010102	E.2.01.01.02.000			N	N																						004		STD	S	0	0	0	0	0	0	0	0	0	0	N	10/02/2016 13:50:40	31
9090	CAP-EG	2016	90000400	0	1	EX2000 - Ritenute erariali		9000000	9010000	9010300	E.9.01.03.01.000			N	N																						003		STD	S	0	0	0	150000	679,31	150679,31	0	0	0	0	N	10/02/2016 13:50:40	31
9092	CAP-EG	2016	90000600	0	1	EX6000 - Rimborso anticipazione di fondi per il servizio economato		9000000	9010000	9019900	E.9.01.99.03.000			N	N																						007		STD	S	0	0	0	50000	0	50000	0	0	0	0	N	10/02/2016 13:50:40	31
9094	CAP-EG	2016	90000800	0	1	EX5002 - Fondo per lo sviluppo degli investimenti attribuibile alla Provincia di Biella (art. 3, c. 17, D.L. 444/95 conv. L. 539/95)		9000000	9020000	9020200	E.9.02.02.01.000			N	N																						007		STD	S	0	0	0	139911	0	139911	0	0	0	0	N	10/02/2016 13:50:40	31
548302	CAP-EG	2016	400	0	1	EX4 - Fondi non vincolati					E.0.01.01.01.000			N	N																						000		STD	S	0	0	0	0	0	0	0	0	0	0	N	10/02/2016 13:50:40	31
548303	CAP-EG	2016	20005000	0	1	EX632000 - Contributi da Fondazione Cassa di Risparmio di Vercelli a sostegno di iniziative della Provincia		2000000	2010400	2010401	E.2.01.04.01.000			N	N																						004		STD	S	0	0	0	0	0	0	0	0	0	0	N	10/02/2016 13:50:40	31
548306	CAP-EG	2016	60000500	0	1	EX1322000 - Mutuo per interventi su opere d'arte per le quali si sono registrate irregolarità con degrado delle strutture portanti		6000000	6030000	6030100	E.6.03.01.04.000			N	N																						007		STD	S	0	0	0	0	0	0	0	0	0	0	N	10/02/2016 13:50:40	31
548310	CAP-EG	2016	20000350	0	1	EX147000 - Contributo da Ministero delle Politiche Agricole (MIPAAF) per iniziative connesse ad Expo 2015		2000000	2010100	2010101	E.2.01.01.01.000			N	N																						009		STD	S	0	0	0	149500	149500	299000	0	0	0	0	N	10/02/2016 13:50:40	31
548312	CAP-EG	2016	20004850	0	1	EX625000 - Contributo in c/interessi dalla Fondazione Cassa di Risparmio di Vercelli per interventi di Edilizia Scolastica		2000000	2010400	2010401	E.2.01.04.01.000			N	N																						026		STD	S	0	0	0	100000	0	100000	0	0	0	0	N	10/02/2016 13:50:40	31
8997	CAP-EG	2016	20003900	0	1	EX362000 - Trasferimenti Regione Piemonte per funzioni delegate in materia di apprendistato - fondi comunitari		2000000	2010100	2010102	E.2.01.01.02.000			N	N																						004		STD	S	0	0	0	0	0	0	0	0	0	0	N	10/02/2016 13:50:40	31
9000	CAP-EG	2016	20004200	0	1	EX367000 - Trasferimenti da Regione Piemonte - Direttiva mercato del lavoro - Fondi regionali		2000000	2010100	2010102	E.2.01.01.02.000			N	N																						004		STD	S	0	0	0	0	0	0	0	0	0	0	N	10/02/2016 13:50:40	31
9002	CAP-EG	2016	20004600	0	1	EX397000 - Contributi da Camere di Commercio, Industria, Agricoltura e Artigianato a sostegno di iniziative provinciali		2000000	2010100	2010102	E.2.01.01.02.000			N	N																						004		STD	S	0	0	0	0	3206,53	3206,53	0	0	0	0	N	10/02/2016 13:50:40	31
9006	CAP-EG	2016	20004700	0	1	EX403000 - Contributi da enti vari per attivit¿ istituzionali della Provincia		2000000	2010100	2010102	E.2.01.01.02.000			N	N																						007		STD	S	0	0	0	824000	198909,79	1022909,79	0	0	0	0	N	10/02/2016 13:50:40	31
9009	CAP-EG	2016	20003400	0	1	EX354000 - Trasferimenti regionali dei fondi per Piano Operativo Provinciale per l'agricoltura (L. R. 17/1999)		2000000	2010100	2010102	E.2.01.01.02.000			N	N																						009		STD	S	0	0	0	113946,82	113946,82	227893,64	0	0	0	0	N	10/02/2016 13:50:40	31
9011	CAP-EG	2016	20001900	0	1	EX270000 - Rimborsi per interventi realizzati in somma urgenza a seguito eventi atmosferici mesi di marzo e novembre 2011. Ordinanza P.C.M. 3964/2011		2000000	2010100	2010102	E.2.01.01.02.000			N	N																						016		STD	S	0	0	0	1591579,3	1449440,52	3041019,82	0	0	0	0	N	10/02/2016 13:50:40	31
9014	CAP-EG	2016	20002100	0	1	EX315000 - Trasferimenti da Regione Piemonte per rimborso danni causati dalla fauna selvatica in zone di competenza regionale (art. 10 L.R. 36/89)		2000000	2010100	2010102	E.2.01.01.02.000			N	N																						026		STD	S	0	0	0	18492,5	0	18492,5	0	0	0	0	N	10/02/2016 13:50:40	31
9018	CAP-EG	2016	20004800	0	1	EX620000 - Contributo del Tesoriere a sostegno delle facolt¿ vercellesi dell'Universit¿ del Piemonte Orientale e delle scuole secondarie superiori		2000000	2010300	2010302	E.2.01.03.02.000			N	N																						007		STD	S	0	0	0	5000	0	5000	0	0	0	0	N	10/02/2016 13:50:40	31
9020	CAP-EG	2016	20005100	0	1	EX645000 - Introiti per compensazioni territoriali agli Enti nei cui territori si trovano depositi di materiali radioattivi (D. L. 314/2003)		2000000	2010400	2010401	E.2.01.04.01.000			N	N																						007		STD	S	0	0	0	1700000	0	1700000	0	0	0	0	N	10/02/2016 13:50:40	31
9025	CAP-EG	2016	30000600	0	1	EX411000 - 50% canoni per uso straordinario del suolo sulla rete stradale regionale e le sue pertinenze		3000000	3010000	3010200	E.3.01.02.01.000			N	N																						007		STD	S	0	0	0	0	4269,76	4269,76	0	0	0	0	N	10/02/2016 13:50:40	31
