ACCERTAMENTO_ID	TIPO_MOVIMENTO	ANNO_ESERCIZIO	ANNO_ACCERTAMENTO	NUMERO_ACCERTAMENTO	NUMERO_SUBACCERTAMENTO	PLURIENNALE	CAPO_RIACC	NUMERO_CAPITOLO	NUMERO_ARTICOLO	NUMERO_UEB	DATA_EMISSIONE	DATA_SCADENZA	STATO_OPERATIVO	IMPORTO_INIZIALE	IMPORTO_ATTUALE	DESCRIZIONE	ANNO_CAPITOLO_ORIG	NUMERO_CAPITOLO_ORIG	NUMERO_ARTICOLO_ORIG	NUMERO_UEB_ORIG	ANNO_PROVVEDIMENTO	NUMERO_PROVVEDIMENTO	TIPO_PROVVEDIMENTO	SAC_PROVVEDIMENTO	OGGETTO_PROVVEDIMENTO	NOTE_PROVVEDIMENTO	STATO_PROVVEDIMENTO	SOGGETTO_DETERMINATO	CODICE_SOGGETTO	CLASSE_SOGGETTO	NOTA	AUTOMATICO	ANNO_ACCERTAMENTO_PLUR	NUMERO_ACCERTAMENTO_PLUR	ANNO_ACCERTAMENTO_RIACC	NUMERO_ACCERTAMENTO_RIACC	OPERA	PDC_FINANZIARIO	TRANSAZIONE_UE_ENTRATA	SIOPE_ENTRATA	ENTRATA_RICORRENTE	PERIMETRO_SANITARIO_ENTRATA	PDC_ECONOMICO_PATR	CLASSIFICATORE_1	CLASSIFICATORE_2	CLASSIFICATORE_3	CLASSIFICATORE_4	CLASSIFICATORE_5	ENTE_PROPRIETARIO_ID	PARERE_FINANZIARIO
36990736	A	2016	2012	99	0	0		50000400	0	1	2012-03-01		P	782289,54	782289,54	SALDO AL 31/12/2015 C/C MUTUI N. 988938 C/O BIVERBANCA SPA     (SPESA PEG 5300000 - IMP. 293/2012)		0	0									S	2006			N																	31	0
36992773	A	2016	2014	316	0	0		90000700	0	1	2014-12-31		P	4947	4947	RIMB. TARES E TARSU UFFICI VIA ALFIERI - ANNI 2009/20013		0	0									S	16603			N																	31	0
36990198	A	2016	2010	579	0	0		90001000	0	1	2010-10-26		P	3300	3300	REINCASSO DEPOSITO CAUZIONALE PRATICA N. 32-7071/FR LINEA FERRROVIARIA NO/BI MAND. N. 5931 DEL 15/10/2010)		0	0									S	23693			N																	31	0
36992774	A	2016	2014	317	0	0		90000700	0	1	2014-12-31		P	8637,39	8637,39	RIMB. SPESE LEGALI PER PROCEDIEMNTI A CARICO DIP. E DIRIGENTI PROV.LI		0	0									N				N																	31	0
36992837	A	2016	2014	320	0	0		90000700	0	1	2014-12-31		N	1,31	1,31	RIMB. SOMMA NON SPESA CAPI GIURISDIZIONE FONDO ANNO 2014 (EURO 52,6 GILARDI N. - EURO 94,08 PIZZERA D. - EURO 82,01 RAMELETTI L. - EURO 1,31 PIACENTINI C.) 		0	0		2014	3268	S6||K				DEFINITIVO	N				N																	31	1
41914480	A	2016	2015	355	0	0		90000700	0	1	2015-12-31		P	64247,25	64247,25	REGOLARIZZAZIONE ERRATO PAGAMENTO 2A SEM. 2015 MUTUI UBI  (MAND. N. 7187 DEL 31/12/2015)		0	0									S	2006			N																	31	0
40925959	A	2016	2015	286	0	0		90000700	0	1	2015-11-17		P	30	30	RIMBORSO CONTRIBUTO ANAC (SUA)		0	0									N				N																	31	0
41898665	A	2016	2015	350	0	0		90000700	0	1	2015-12-31		P	238,27	238,27	RIMBORSO S.I.I.-REGOLARIZZAZIONE PROVVISORI 53-54-55-56-57-58		0	0									S	12103			N																	31	0
37571650	A	2016	2015	82	0	0		90000700	0	1	2015-03-05		P	219,18	219,18	SPLIT PAYMENT - IVA DA VERSARE ALL'ERARIO		0	0									N				N																	31	0
39368090	A	2016	2015	204	0	0		30002800	0	1	2015-07-02		P	1228,8	1228,8	INTERST RATE SWAP - 2015		0	0									S	16612			N																	31	0
36989953	A	2016	2010	91	0	0		90000700	0	1	2010-02-17		N	41199,6	41199,6	RIMB. SINISTRO DANNI TETTO  ITC "CALAMANDREI" DI CRESCENTINO (VEDI IMP. 274/2010)		0	0		2010	393	S6||K				DEFINITIVO	N				N																	31	1
41890627	A	2016	2015	347	0	0		90000700	0	1	2015-12-31		D	5398,57	5398,57	REGOLARIZZAZIONE FONDO CAPI GIURISDIZIONE PROV.LI - 2015		0	0		2015	3066	S6||K				DEFINITIVO	S	2006			N																	31	1
36991942	A	2016	2014	162	0	0		90000700	0	1	2014-06-09		D	1030,83	1030,83	RIMB. QUOTA CONTRIB. SPESE PORTO DI GENOVA - 2014 - QUOTA A CARICO PROV. DI BIELLA 		0	0		2014	2901	D7||K				DEFINITIVO	S	2437			N																	31	1
36989837	A	2016	2009	568	0	0		20004400	0	1	2009-12-31		P	12394,97	12394,97	Contributo dal Comune di Vercelli ad integrazione fondi per oneri istituti scolastici trasferiti alla Provincia - 2009		0	0									S	750			N																	31	0
37029196	A	2016	2014	325	0	0		20004300	0	1	2014-12-31		P	18432,35	18432,35	Contributo dal Comune di Varallo Sesia ad integrazione fondi per oneri istituti scolastici trasferiti alla Provincia - 2014		0	0									S	632			N																	31	0
41770009	A	2016	2015	339	0	0		20003300	0	1	2015-12-31		P	4014,3	4014,3	CONTRIBUTO L.R. 28/2007 - DIRITTO ALLO SUDIO SPESE DI FUNZIONAMENTO - 2015 (DDR N. 759 DEL 04/12/2014) 		0	0									S	262			N																	31	0
36991878	A	2016	2014	107	0	0		20003300	0	1	2014-04-08		P	140986,65	140986,65	L.R. 28/2007 - 1A RATA CONTRIBUTO NORME SULL'ISTRUZIONE. DIRITTO ALO STUDIO E LIBERA SCELTA EDUCATIVA - 2014     (DDR. N. 150 DEL 20/03/2014 - EMAIL SETTORE ISTRUZ DEL 07/04/2014)		0	0									S	262			N																	31	0
37014779	A	2016	2014	324	0	0		20004400	0	1	2014-12-31		P	12394,97	12394,97	Contributo dal Comune di Vercelli ad integrazione fondi per oneri istituti scolastici trasferiti alla Provincia - 2014		0	0									S	750			N																	31	0
36991155	A	2016	2012	441	0	0		20004400	0	1	2012-11-13		P	12395	12395	Contributo dal Comune di Vercelli ad integrazione fondi per oneri istituti scolastici trasferiti alla Provincia - 2012		0	0									S	750			N																	31	0
38494833	A	2016	2015	151	0	0		40000200	0	1	2015-05-19		N	11231,58	11231,58	50% FINANZIAM. INTERVENTO IST.PROF. "LANINO"/VC - MESSA IN SICUREZZA SERRAM. E VETRI INSICURI (DITTA CASAINFISSI 2000 SAS)		0	0		2014	1372	S6||K				DEFINITIVO	N				N																	31	1
38494836	A	2016	2015	154	0	0		40000300	0	1	2015-05-19		D	90000	90000	CONTRIBUTO MIN. INFRASTR. E TRASPORTI - ITA/VC ADEGUAM. NORME ANTISISMICHE BLOCCO LABORATORI-PALESTRA 		0	0		2013	163	DG||K				DEFINITIVO	S	22881			N																	31	1
41332416	A	2016	2015	307	0	0		20003300	0	1	2015-12-07		P	375964,41	375964,41	L.R. 28/2007 - CONTRIBUTO NORME SULL'ISTRUZIONE. DIRITTO ALO STUDIO E LIBERA SCELTA EDUCATIVA - 2015     (DDR. N. 423 DEL 10/06/2015) 		0	0									S	262			N																	31	0
38494837	A	2016	2015	155	0	0		40000400	0	1	2015-05-19		D	159662,52	159662,52	CONTRIBUTO PROGETTO "SCUOLE SICURE" - LAV. PREV, INCENDI C/O "R.STAMPA"/VC - AGRARIO/VC - GEOM. "MERCURINO"/GATTINARA		0	0		2014	2080	D6||K				DEFINITIVO	S	25121			N																	31	1
36988636	A	2016	2013	377	0	0		20004400	0	1	2013-12-03		P	12395	12395	Contributo dal Comune di Vercelli ad integrazione fondi per oneri istituti scolastici trasferiti alla Provincia - 2013		0	0									S	750			N																	31	0
36990375	A	2016	2010	729	0	0		20004400	0	1	2010-12-31		P	12395	12395	Contributo dal Comune di Vercelli ad integrazione fondi per oneri istituti scolastici trasferiti alla Provincia - 2010		0	0									S	750			N																	31	0
38494838	A	2016	2015	156	0	0		40000800	0	1	2015-05-19		P	46707,29	46707,29	ACCORDO DI PROGRAMMA CONTRIBUTO LAVORI DI RESTAURO RISTRUTTURAZIONE E RECUPERO DELL'EX LAVATOIO - SCUOLA SECONDARIA II GRADO LICEO SCIENTIFICO AVOGADRO/VC		0	0									S	262			N																	31	0
37029370	A	2016	2014	327	0	0		20003300	0	1	2014-12-31		P	140986,65	140986,65	L.R. 28/2007 - 2A RATA CONTRIBUTO NORME SULL'ISTRUZIONE. DIRITTO ALO STUDIO E LIBERA SCELTA EDUCATIVA - 2014 (DDR. N. 527 DEL 04/08/2014 - EMAIL SETTORE ISTRUZ DEL 17/12/2014) 		0	0									S	262			N																	31	0
36990735	A	2016	2011	503	0	0		20004400	0	1	2011-12-31		P	12395	12395	Contributo dal Comune di Vercelli ad integrazione fondi per oneri istituti scolastici trasferiti alla Provincia - 2011		0	0									S	750			N																	31	0
38494832	A	2016	2015	150	0	0		40000200	0	1	2015-05-19		N	3553,61	3553,61	CONTRIBUTO LAV. ADEGUAM. NORME PREVENZIONE INCENDI - IPSIA VERCELLI (GP N. 43 DEL 29/03/2012 - CAP SPESA 6460000/2012 - DA MIUR TRAMITE IST. SCOL.)		0	0		2012	43	DG||K				DEFINITIVO	N				N																	31	1
41332415	A	2016	2015	306	0	0		20003300	0	1	2015-12-07		P	187982,2	187982,2	L.R. 28/2007 - 3A RATA CONTRIBUTO NORME SULL'ISTRUZIONE. DIRITTO ALO STUDIO E LIBERA SCELTA EDUCATIVA - 2014 SPESE FUNZIONAMENTO (DDR. N. 759 E 760 DEL 04/12/2014) 		0	0									S	262			N																	31	0
38494831	A	2016	2015	149	0	0		40000200	0	1	2015-05-19		N	33842,92	33842,92	CONTRIBUTO LAV. ADEGUAM. NORME PREVENZIONE INCENDI - ALBERGHIERO VARALLO /GP N. 42 DEL 29/03/2012 - CAP SPESA 6460000/2012)		0	0		2012	42	DG||K				DEFINITIVO	N				N																	31	1
38494834	A	2016	2015	152	0	0		40000200	0	1	2015-05-19		D	33781,84	33781,84	50% FINANZIAM. INTERVENTO I.T.G.. "CAVOUR"/VC - MESSA IN SICUREZZA ANTINCENDIO E BARRIERE ARCHITETTONICHE (DITTA VIVIANI IMPIANTI SRL) 		0	0		2014	2239	S6||K				DEFINITIVO	S	25121			N																	31	1
41787029	A	2016	2015	344	0	0		20004300	0	1	2015-12-31		P	18432	18432	Contributo dal Comune di Varallo Sesia ad integrazione fondi per oneri istituti scolastici trasferiti alla Provincia - 2015		0	0									S	632			N																	31	0
36988637	A	2016	2013	380	0	0		20004300	0	1	2013-12-10		P	18432	18432	Contributo dal Comune di Varallo Sesia ad integrazione fondi per oneri istituti scolastici trasferiti alla Provincia - 2013		0	0									S	632			N																	31	0
36989951	A	2016	2009	589	0	0		40000800	0	1	2009-12-31		P	153987,3	153987,3	ACCORDO DI PROGRAMMA CONTRIBUTO LAVORI DI RESTAURO RISTRUTTURAZIONE E RECUPERO DELL'EX LAVATOIO - SCUOLA SECONDARIA II GRADO LICEO SCIENTIFICO AVOGADRO/VC		0	0									S	262			N																	31	0
36989770	A	2016	2008	488	0	0		30000600	0	1	2008-11-11		P	4269,76	4269,76	RATEIZZ. CANONE EX-ANAS SR 142 - LIC. 1394 - ANNI 2002/2007 (60A RATE) 		0	0									S	22329			N																	31	0
38495189	A	2016	2015	187	0	0		40001200	0	1	2015-05-19		D	965250	965250	CONTRIBUTO LAV. SR N. 11 "PADANA SUPERIORE". PONTE SUL SESIA A VC. (COMVEMZIONE ARES/PRO. VC)		0	0		2007	618	DG||K				DEFINITIVO	S	20905			N																	31	1
36872943	A	2016	2015	2	0	0		20001800	0	1	2015-01-16		P	686356	686356	CONTRIBUTO PER TERRITORI DI CONFINE - DGR N. 606 DEL 24/11/2014 		0	0									S	262			N																	31	0
41914483	A	2016	2016	28	0	1		40001000	0	1	2015-12-31		P	600000	600000	CONTRIBUTO MITIGAZIONE RISCHIO IDROGEOLOGICO - 2016		0	0									N				N																	31	0
38100130	A	2016	2015	119	0	0		20001900	0	1	2015-04-14		P	1157000	1157000	CONTRIBUTO EVENTO ALLUVIONALE OTTOBRE/NOVEMBRE 2014 - ORDINANZA COMMISSARIALE N. 2/A 18.000/217 DEL 01/04/2015)		0	0									S	262			N																	31	0
38100132	A	2016	2015	121	0	0		20001900	0	1	2015-04-21		P	292000	292000	CONTRIBUTO L.R. 38/78 - EVENTO ALLUVIONALE 12-14/10/2014 E 04-15/11/2014 - SOMMA URGENZA (DDR N. 190 DEL 19/12/2014)		0	0									S	262			N																	31	0
41180127	A	2016	2015	303	0	0		60000200	0	1	2015-12-03		D	270119,33	270119,33	MUTUO LAV. MESSA IN SICUREZZA SSPP INTERV. BITUMATURA E SEGNAL. ORIZZ.LE - LOTTI 1-2-3-4-5-6-7-8-9-10-11-12     (MUTUO COD. 336)		0	0		2015	1698	S7||K				DEFINITIVO	S	1396			N																	31	1
41787028	A	2016	2015	343	0	0		20004700	0	1	2015-12-31		P	138000	138000	L.R. 13/1997 - PROG. MANUT. E SIST. TERRITORIO 2014/2018 - RIMBORSE SPESE ALLUVIONE NOVEMBRE 2014 (NS. PROT. 42670 DEL 18/12/2015)		0	0									S	990			N																	31	0
37882562	A	2016	2015	115	0	0		30002200	0	1	2015-03-30		P	1031098,51	1031098,51	SANZIONI INFRAZIONI CODICE DELLA STRADA - INCASSI CONCILIA - 2015		0	0									S	23602			N																	31	0
36992592	A	2016	2014	304	0	0		30002300	0	1	2014-12-31		P	3108623,52	3108623,52	RISCOSSIONI COATTIVE SANZIONI CODICE DELLA STRADA - ANNI 2010 E 2011 (RELAZIONE PROT. N. 40564 DEL 19/12/2014)		0	0									S	23602			N																	31	0
38495185	A	2016	2015	185	0	0		20001900	0	1	2015-05-19		P	440,52	440,52	EVENTI METEREOLOGICI 03/2011-OPCM N. 3964 DEL 07/09/2011-3° STRALCIO FINANZ. ORD. COMMISSARIALE N. 5/DB.14.11/1.2.6/3964 DEL 30/05/2012 (NOTA REGIONE N. 41702/DB14.04 CLASS. 13.220.30 DEL 21/05/2012) - COD. VC_PR_3964_11_1 +VC_PR_3964_11_2		0	0									S	262			N																	31	0
36989839	A	2016	2009	573	0	0		50000200	0	1	2009-12-31		P	12000	12000	RISCOSSIONE ANTICIPAZIONE GAL		0	0									S	26801			N																	31	0
37277137	A	2016	2015	79	0	0		10000200	0	1	2015-02-17		P	867203,26	867203,26	IMP. PROV.LE SU ASS.NI RC AUTO - 2015		0	0									S	24161			N																	31	0
40329106	A	2016	2015	244	0	0		30003200	0	1	2015-10-01		D	5067,3	5067,3	RIMBORSO SPESE SERVIZIO REDAZIONE PERIZIA VALORE PATRIM. ATAP - ACCORDO PROVINCIA DI VERCELLI/PROVINCIA DI BIELLA		0	0		2015	2212	D3||K				DEFINITIVO	S	2437			N																	31	1
41770007	A	2016	2015	337	0	0		30002900	0	1	2015-12-31		P	473,27	473,27	INTERESSI SUL C/C/B N. 103124256 (MUTUI) C/O UNICREDIT AL 31/12/2015		0	0									S	1398			N																	31	0
39308045	A	2016	2015	200	0	0		30001600	0	1	2015-06-30		P	7805,85	7805,85	FITTO PORZIONE IMMOBILE EX SRAFFA SANTHIA' - MARZO 2015/FEBBRAIO 2016     (PROVVISORIO N. 1314/2015)		0	0									S	23207			N																	31	0
40442439	A	2016	2015	256	0	0		10000900	0	1	2015-10-12		P	1035602,2	1035602,2	FONDO SPERIMENTALE DI RIEQUILIBRIO (DLGS 68/2011)   -   2015		0	0									S	11228			N																	31	0
37853455	A	2016	2015	103	0	0		10000400	0	1	2015-03-26		P	390,93	390,93	Tributo funzioni tutela protezione igiene ambiente - TEFA - ANNUALITA' PREGRESSE 2005/2012 		0	0									S	11284			N																	31	0
40925957	A	2016	2015	284	0	0		30003100	0	1	2015-11-17		P	12438,72	12438,72	RIMB.ONERE STAZIONE UNICA APPALTANTE - 2015		0	0									N				N																	31	0
41770006	A	2016	2015	336	0	0		30002900	0	1	2015-12-31		P	6734,84	6734,84	INTERESSI SUL C/C/B N. 988938 (MUTUI) C/O BIVERBANCA AL 31/12/2015 		0	0									S	11134			N																	31	0
40329109	A	2016	2015	247	0	0		30003100	0	1	2015-10-01		P	8803,24	8803,24	RIMB. SPESE DI RISCALDAMENTO E UTENZA IDRICA LOCALI C/O ITC "SRAFFA" SANTHIA' - ANNATA 2014/2015     (NS. PROT. N. 32922 DEL 28/09/215))		0	0									S	23207			N																	31	0
36989121	A	2016	1998	3395	0	0		90001000	0	1	2004-01-07		P	206,58	206,58	ECONOMO PROV.LE - DEPOSITO CAUZIONALE VIACARD		0	0									S	2015			N																	31	0
36989120	A	2016	1999	7293	0	0		90001000	0	1	2004-01-07		N	2324,06	2324,06	DEPOSITO CAUZIONALE PER FITTO MAGAZZINO IN VC - PROPRIETARI F.LLI BERTOLONE L. E G.		0	0		1999	719	D2||K				DEFINITIVO	N				N																	31	1
36989064	A	2016	1999	7304	0	0		90001000	0	1	2004-01-07		D	103,29	103,29	ECONOMO PROV.LE - RECUPERO DEPOSITO CAUZIONALE PER VIACARD (MAND. N. 1459/99)		0	0		1999	2219	DG||K				DEFINITIVO	S	2015			N																	31	1
38495127	A	2016	2015	179	0	0		20001000	0	1	2015-05-19		P	13571,95	13571,95	CONTRIBUTO PROGRAMMA DI COOPERAZIONE TERR.LE EUROPEA "MEDITERRANEO - INTERREG III B (TRANSNAZIONALE) - 2BEPARKS""		0	0									S	262			N																	31	0
41770008	A	2016	2015	338	0	0		40001800	0	1	2015-12-31		P	29167,8	29167,8	RIMBORSO SPESE ACQUISIZIONE IMMOBILI PROPRIETA' SIGG. DELLAVALLE P.G. - DELLAVALLE S. - MORELLI M. (NS. PROT. N. 38041 DEL 09/11/2015)		0	0									S	237			N																	31	0
36991450	A	2016	2013	63	0	0		20004700	0	1	2013-01-31		P	50683,08	50683,08	FONDI COMUNITARI PROGRAMMA EUROPEO DI COOPERAZIONE TEER.LE "SUSTAINABLE ENERGY ACTION PLANS ALPINE SPACE AREA - SEAP_ALPS - 10-4-3-IT (EX ACC. 435/2012 REISCRITTO NEL 2013)		0	0									N				N																	31	0
38495134	A	2016	2015	184	0	0		40001100	0	1	2015-05-19		P	180000	180000	90% CONTRIBUTO PAR-FSC 2007/2013 - ASSE III RIQUALIF. TERR.LE - LINEA AZIONE 6 TURISMO. RIQUAL. E VALOR. PATRIMONO TURISTICO, SPORTIVO E CULTURALE		0	0									S	262			N																	31	0
40258205	A	2016	2015	238	0	0		30003200	0	1	2015-09-22		D	5000	5000	RIMB. SPESE PER VERIFICA E CERTIFICAZ. OPERAZIONI BONIFICA AMB.LE FALDA ACQUIFERA IN LOC. BORNATE NEI COMUNI DI BORGOSESIA E SERRAVALLE SESIA		0	0		2015	2085	S8||K				DEFINITIVO	S	11350			N																	31	1
41706393	A	2016	2015	333	0	0		20004700	0	1	2015-12-31		P	829,98	829,98	CONTRIBUTO ACCORDO DI PROGRAMMA PER ESERCIZIO SERVIZIO AUTOMOBIL. FESTIVO TRATTA CASALE MONF.-VERCELLI # PERIODO: 09/12/2012 - 08/09/2013 (COMUNE DI VERCELLI - PROVINCIA ALESSANDRIA - COMUEN CASALE MONF.) 		0	0									S	15420			N																	31	0
37029371	A	2016	2015	7	0	0		20002200	0	1	2015-01-26		P	1340373,07	1340373,07	Fondo regionale trasporti (art. 19 D. LGS. 422/1997) - DGR N. 11-6177 DEL 29/07/2013 + FONDI INTEGRATIVI PER TRANSAZIONE (DDR N. 269 DEL 29/12/2014)		0	0									S	262			N																	31	0
40925958	A	2016	2015	285	0	0		20002200	0	1	2015-11-17		P	628000	628000	CONTRIBUTO APPROVAZ. TRANSAZIONI TPL - 2015     (DGR N. 29-773 DEL 15/12/2014 -DD. N. 269 DEL 29/12/2014)		0	0									S	262			N																	31	0
41770005	A	2016	2015	335	0	0		20004700	0	1	2015-12-31		P	829,98	829,98	CONTRIBUTO ACCORDO DI PROGRAMMA PER ESERCIZIO SERVIZIO AUTOMOBIL. FESTIVO TRATTA CASALE MONF.-VERCELLI # PERIODO: 09/12/2012 - 08/09/2013 (COMUNE DI VERCELLI - PROVINCIA ALESSANDRIA - COMUEN CASALE MONF.) 		0	0									S	750			N																	31	0
36990311	A	2016	2010	623	0	0		20004700	0	1	2010-11-24		P	3626,26	3626,26	PARTECIPAZIONE SPESE AFFIDAM. INCARICO CONSUL. GARA AFFIDAM. TRASP. PUBBL. LOCALE (COMUNE DI VC - COMUNE DI BI - PROV. DI BI EURO 1.813,13** PRO-CAPITE)		0	0									N				N																	31	0
36990911	A	2016	2012	351	0	0		20004700	0	1	2012-09-28		D	1077,21	1077,21	CONTRIBUTO PROTOCOLLO D'INTESA PER ESERCIZIO SERVIZIO AUTOMOBIL. FESTIVO TRATTA CASALE MONF.-VERCELLI # PERIODO: 11/12/2011 - 08/12/2012 (COMUNE DI VERCELLI) 		0	0		2012	156	S6||K				DEFINITIVO	S	750			N																	31	1
40442438	A	2016	2015	255	0	0		40001300	0	1	2015-10-12		P	175000	175000	4° E 5° PROGRAMMA PIANO NAZIONALE SICUREZZA STRADALE - CONVENZIONE REP. N. 330/014 DEL 29/090/2014 (NOTA REGIONE PROT. N. A1811A/2015)		0	0									S	262			N																	31	0
36991094	A	2016	2012	439	0	0		20002400	0	1	2012-11-13		P	160232,89	160232,89	Trasferimento della quota regionale dell'IVA corrisposta sui contratti di servizio del trasporto pubblico locale - 2012   (DGR N. 35-2942 DEL 28/11/2012)		0	0									S	262			N																	31	0
41706394	A	2016	2015	334	0	0		20004700	0	1	2015-12-31		P	1659,96	1659,96	CONTRIBUTO ACCORDO DI PROGRAMMA PER ESERCIZIO SERVIZIO AUTOMOBIL. FESTIVO TRATTA CASALE MONF.-VERCELLI # PERIODO: 09/12/2012 - 08/09/2013 (COMUNE DI VERCELLI - PROVINCIA ALESSANDRIA - COMUEN CASALE MONF.) 		0	0									S	21034			N																	31	0
36990621	A	2016	2011	404	0	0		20004700	0	1	2011-11-16		D	1059,55	1059,55	CONTRIBUTO PROTOCOLLO D'INTESA PER ESERCIZIO SERVIZIO AUTOMOBIL. FESTIVO TRATTA CASALE MONF.-VERCELLI # PERIODO: 12/12/2010 - 10/12/2011 (COMUNE DI VERCELLI) 		0	0		2011	87	DG||K				DEFINITIVO	S	750			N																	31	1
38495011	A	2016	2015	169	0	0		20003700	0	1	2015-05-19		P	1799,99	1799,99	CONTRIBUTO OBBLIGO ISTRUZIONE 2014/2017 B.R.		0	0									S	262			N																	31	0
41898669	A	2016	2015	354	0	0		20002000	0	1	2015-12-31		P	17254	17254	CONTRIBUTO P.L.G. PIANO LOCALI GIOVANI 2015 - C ENTRI/FORME AGGREGAZ. GIOVANILE (DGR N. 3-667 DEL 27/11/2014 - DDR N. 997 DEL 09/12/2015)		0	0									S	262			N																	31	0
38495009	A	2016	2015	168	0	0		20003700	0	1	2015-05-19		P	226068,02	226068,02	DIRETTIVA DIRITTO/DOVERE ISTRUZ. E FORMAZ. PROF.LE - FONDI REGIONALE - DGR N. 13-6025 DEL 28/06/2013     (PEG SPESA 2074/3)		0	0									S	262			N																	31	0
41890626	A	2016	2015	346	0	0		90001200	0	1	2015-12-31		P	1534,56	1534,56	RESITUZION E FONDI DIRETTIVA DIRITTO/DOVERE: FONDI STATALI  		0	0									N				N																	31	0
41914481	A	2016	2016	26	0	1		20000700	0	1	2015-12-31		P	16860	16860	SALDO CONTRIBUTO SERVIZI DI ACCOMPAGNAMENTO ED ASSISTENZA TECNICA A FAVORE DELL'AUTOIMPIEGO E DELLA CREAZIONE D'IMPRESA - LR 34/2008 (DDR N. 723 DEL 18/09/2015) 		0	0									S	262			N																	31	0
36991581	A	2016	2013	114	0	0		20000700	0	1	2013-02-21		P	26073,72	26073,72	CONTRIB. POLITICHE DEL LAVORO - POR FSE 2007/2013 - DGR N. 91-10410 DEL 22/12/2008     (DGR N. 29-5152 DEL 28/12/2012 - CAP SPESA 4725004)		0	0									S	262			N																	31	0
41914484	A	2016	2015	356	0	0		20000700	0	1	2015-12-31		P	6769,71	6769,71	CONTRIBUTO VOUCHER DI CONCILIAZIONE - 1A ASSEGNAZIONE - DGR N. 53-8998 DEL 16/06/2008		0	0									S	262			N																	31	0
40729597	A	2016	2015	274	0	0		20002000	0	1	2015-10-30		P	16376	16376	FONDO NAZ. POLITICHE GIOVANILI - INTERVENTI CENTRI/FORME AGGREGAZ. GIOV. (DGR N. 35-7390 DEL 07/04/2014		0	0									S	262			N																	31	0
36991336	A	2016	2012	516	0	0		20004700	0	1	2012-12-31		D	1143,77	1143,77	CONTRIBUTO "AZIONE PROVINCEGIOVANI" - PROGETTO "I GIOVANI E IL LAVORO:INCOMINCIO DA ME" 2012		0	0		2012	3607	S4||K				DEFINITIVO	S	1425			N																	31	1
36990379	A	2016	2011	77	0	0		20000700	0	1	2011-02-10		D	147284,07	147284,07	ONTRIBUTO PIANO OP. PROV.LE FSE 2007/2013-OB. 23 COMP. REG.LE E OCCUPAZ. ANNUALITA' 2008/2010 (DGR N. 54-8999 E N. 53-8999 DEL 16/06/2008)		0	0		2011	343	D4||K				DEFINITIVO	S	262			N																	31	1
38495005	A	2016	2015	167	0	0		20003600	0	1	2015-05-19		P	19746,7	19746,7	DIRETTIVA DIRITTO/DOVERE ISTRUZ. E FORMAZ. PROF.LE - FONDI STATALI - DGR N. 13-6025 DEL 28/06/2013     (PEG SPESA 2074/2)     -     VEDI ANCHE ACC. 236/2014		0	0									S	262			N																	31	0
38495013	A	2016	2015	170	0	0		20003800	0	1	2015-05-19		D	21287,94	21287,94	DIRETTIVA APPRENDISTATO - FONDI MINISTERIALI ANNO 2011 - 1° SPORTELLO - DDR N. 406 DEL 20/07/2011		0	0		2011	2320	D4||K				DEFINITIVO	S	262			N																	31	1
38495074	A	2016	2015	177	0	0		20002000	0	1	2015-05-19		D	78500	78500	CONTRIB. POLITICHE GIOVANILI: ATTUAZ. SCHEDA INTERV. MESTIERI/LAVORO - PROGETTO "FABBRICA VERCELLI"		0	0		2013	124	DG||K				DEFINITIVO	S	262			N																	31	1
36991451	A	2016	2013	64	0	0		20000700	0	1	2013-01-31		P	3026,22	3026,22	CONTRIB. POR FSE 2007/2013 OB. 2 ASSE II - AZIONE 2 INCLUSIONE SOCIO-LAVORATIVA PERSONE PART. SVANTAGGIATE E A RISCHIO O VITTIME DI DISCRIMINAZ. 2011/2013 (DGR N. 120-3022 DEL 28/11/2011) 		0	0									S	262			N																	31	0
38494953	A	2016	2015	166	0	0		20003600	0	1	2015-05-19		P	152063,54	152063,54	DIRETTIVA DIRITTO/DOVERE OBBLIGO ISTRUZIONE 2011/2014 - FONDI STATALI - V CICLO - 2012 (NOTA VARANI 08/212) 		0	0									S	262			N																	31	0
41687379	A	2016	2015	330	0	0		20003100	0	1	2015-12-28		D	32301,25	32301,25	CONTRIB. FCI FORMAZIONE CONTINUA INDIVIDUALE - FONDI L. 53/2000 - DECRETO 3/2014 (CAP. SPESA 2069/1_2015 IMP. 2019/2015		0	0		2015	2351	S4||K				DEFINITIVO	S	262			N																	31	1
40729595	A	2016	2015	272	0	0		20003800	0	1	2015-10-27		D	127500	127500	CONTRIBUTO APPRENDISTATO 2015 - DGR N. 33-188 DEL 28/07/2014 - DDR N. 624 DEL 30/07/2015		0	0		2015	2491	S4||K				DEFINITIVO	S	262			N																	31	1
36992238	A	2016	2014	245	0	0		20002700	0	1	2014-10-09		P	2677,59	2677,59	DL 198/2006 - CONTRIB. FUNZIONAM. UFF. CONSIGLIERA DI PARITA' ANN.TA' 2012     (DGR N. 17-6612 DEL 04/11/2013 - DDR N. 362 DEL 14/05/2014)		0	0									S	262			N																	31	0
38494946	A	2016	2015	161	0	0		20003100	0	1	2015-05-19		P	58042,16	58042,16	DIRETTIVA FCI 2008/2014 - L. 53/00     (DD NN. 106-107-108/2013 - DDR N. 605 DEL 24/10/2013)		0	0									S	262			N																	31	0
38495072	A	2016	2015	175	0	0		20001200	0	1	2015-05-19		P	2543,63	2543,63	CONTRIBUTO FONDO POLITICHE MIGRATORIE - 2010 (DGR N. 8-2499 DEL 03/08/2011		0	0									S	262			N																	31	0
38494894	A	2016	2015	160	0	0		20003100	0	1	2015-05-19		P	156258,2	156258,2	DIRETTIVA FCI 2008/2014 - FONDI L. 236/93 - DD 78 - DET. REG.LE N. 717 DEL 06/12/2012		0	0									S	262			N																	31	0
38494947	A	2016	2015	162	0	0		20003500	0	1	2015-05-19		P	95790,38	95790,38	DIRETTIVA DIRITTO/DOVERE OBBLIGO ISTRUZIONE 2011/2014 - V CICLO - FONDI COMUNITARI - 2012 (ACC.TO QUANTO COMUNCATO DA VARANI CON NOTA 08/2012)		0	0									S	262			N																	31	0
37277138	A	2016	2015	80	0	0		20003800	0	1	2015-02-27		P	209171,83	209171,83	CONTRIBUTO DIRETTIVA APPRENDISTATO - FONDI MINISTERIALI (DDR N. 590 DEL 19/09/2014 - FONDI MIN. DECRETO N. 854/2012-APPREND. PROFESS. DGR N. 33-188 DEL 28/07/2014 - 1° RIPARTO RISORSE		0	0									S	262			N																	31	0
36989836	A	2016	2009	564	0	0		20003800	0	1	2009-12-31		P	27334,12	27334,12	Funzioni delegate in materia di apprendistato - fondi ministeriali - 2008 (DGR N. 72-10516 DEL 29.12.08 - DD. N. 517 DEL 05/10/2009) 		0	0									S	262			N																	31	0
38495129	A	2016	2015	181	0	0		20002000	0	1	2015-05-19		D	24201,5	24201,5	CONTRIBUTO PIANO PROVINCIALE DI INTERVENTO PER I GIOVANI - ANNO 2014     (SPESA CAP. 4720/1 - IMP. 83/2014)		0	0		2014	6	DG||K				DEFINITIVO	S	262			N																	31	1
41890625	A	2016	2015	345	0	0		20000250	0	1	2015-12-31		P	300900	300900	2/3 ONERI FUNZIONAM. E PERSONALE SERVIZI CENTRI PER L'IMPIEGO 2015 - CONVENZIONE - DGR N. 29-2566 DEL 09/12/2015 - MINISTERO LAVORO/REGIONE PIEMONTE 10/12/2015		0	0									S	262			N																	31	0
36991452	A	2016	2013	65	0	0		20000700	0	1	2013-01-31		P	2651,15	2651,15	CONTRIB. POR FSE 2007/2013 OB. 2 ASSE II - AZIONE 3 INCLUSIONE SOCIO-LAVORATIVA PERSONE PART. SVANTAGGIATE E A RISCHIO O VITTIME DI DISCRIMINAZ. 2011/2013 (DGR N. 120-3022 DEL 28/11/2011) 		0	0									S	262			N																	31	0
41914482	A	2016	2016	27	0	1		20003100	0	1	2015-12-31		P	371795,28	371795,28	CONTRIBUTO CATALOGO OFFERTA FORMATIVA F.C.I. FORMAZIONE CONTINUA INDIVIDUALE ANNO 2014 MODIFICA E PROROGA 2015 (CAP. SPESA 2069/3-2015 - EX ACC. 59/2015) 		0	0									S	262			N																	31	0
36990378	A	2016	2010	739	0	0		20004600	0	1	2010-12-31		D	3206,53	3206,53	CONTRIBUTO FONDO DI GARANZIA A SOST. PRESTITO D'ONORE DIP. GRUPPO RAF SPA "PHONEMEDIA" (CCIAA)		0	0		2010	709	DG||K				DEFINITIVO	S	2001			N																	31	1
41934525	A	2016	2015	357	0	0		20000700	0	1	2015-12-31		P	388,8	388,8	CONTRIBUTO VOUCHER DI CONCILIAZIONE - 2A ASSEGNAZIONE - DGR N. 10-4533 DEL 10/09/2012		0	0									S	262			N																	31	0
38495065	A	2016	2015	171	0	0		20004000	0	1	2015-05-19		P	22562,8	22562,8	CONTRIBUTO DIRETTIVA OCCUPATI 2008/2012 - 2013     (CAP. SPESA 2061)		0	0									S	262			N																	31	0
37277139	A	2016	2015	81	0	0		20004100	0	1	2015-02-27		P	15138,82	15138,82	DIRETTIVA MERCATO DEL LAVORO A.F. 2014/2015 - FONDI COMUNITARI - DGR N. 31-922 DEL 19/01/2015 (VEDI ANCHE ACC. 255/2014)		0	0									S	262			N																	31	0
38494839	A	2016	2015	157	0	0		20003400	0	1	2015-05-19		P	13946,82	13946,82	L.R. 17/99-L.R. 20/1998, ART. 2, C. 1, LETT. C - CONTRIB. INTERVENTI PER L'APICOLTURA - 2010		0	0									S	262			N																	31	0
41787027	A	2016	2015	342	0	0		20003400	0	1	2015-12-31		P	100000	100000	L.R. 17/1999 - CONTRIBUTO FUNZ. AMM.VE IN MATERIA DI AGRICOLT., ALIMENTAZ., SVIL. RURALE, CACCIA E PESCA (DDR N. 755 DEL 24/11/2015)		0	0									S	262			N																	31	0
36990017	A	2016	2010	212	0	0		30002600	0	1	2010-05-11		P	1010	1010	SANZIONE AMM.VA - ORDINANZA INGIUNZIONE DI PAGAMENTO N. 0015220/000 DEL 24/02/2010 (30 RATE-PROT. N. 0029177/000 DEL 13/04/2010)		0	0									S	23403			N																	31	0
36990555	A	2016	2011	325	0	0		30002600	0	1	2011-08-23		P	1210	1210	SANZIONE AMM.VA - ORD. INGIUNZIONE DI PAGAMENTO PROT. N. 0045345/000 DEL 1/05/2011 (RATEIZZATA - 10 RATE)		0	0									S	24387			N																	31	0
36990796	A	2016	2012	252	0	0		30002600	0	1	2012-07-13		P	406	406	SANZIONE AMM.VA - VERBALE N. 3/2012 DEL 12/03/2012 POLIZIA MUNICIPALE UNIONE BASSA SESIA		0	0									S	24893			N																	31	0
36990130	A	2016	2010	305	0	0		30000400	0	1	2010-07-08		P	7607,86	7607,86	Rimborso spese d'istruttoria pratiche di prevenzione e riduzione integrate dell'inquinamento - I.P.P.C. e A.I.A.  (36 rate) - TERRAVERDE SAS		0	0									S	20749			N																	31	0
36990795	A	2016	2012	198	0	0		30002600	0	1	2012-05-17		P	600	600	SANZIONE AMM.VA - ORDINANZA INGIUNZIONE DI PAGAMENTO PROT. N. 01019991 DEL 13/12/2010 (3 RATE)		0	0									S	24817			N																	31	0
36991515	A	2016	2012	539	0	0		10000800	0	1	2012-12-31		P	2010	2010	L.R. 24/02 ART. 16, C.7 (LR 59/95-LR 24/02) CONTRIB. CARICO GESTORI DISCARICHE-1° TRIM. 2012 (SOC. IN CONCORDATO PREVENTIVO-PROT. N. 6949 DEL 22/01/2013-ACC. 10% DI EURO 20.121,03 CHIROGRAFARIO AMMESSO AL RISARCIM. DA CONCORD. PREV.-MAIL 05/02/2012)		0	0									S	22068			N																	31	0
36989773	A	2016	2009	298	0	0		30002600	0	1	2009-07-16		P	572,42	572,42	SANZIONE AMM.VA - ORD. INGIUN. DI PAGAMENTO PROT. N. 0035396/000 DEL 13.05.2009 (10 RATE)		0	0									S	19312			N																	31	0
36992056	A	2016	2014	216	0	0		30002600	0	1	2014-09-03		P	3010	3010	SANZIONE AMM.VA - ORDINANZA INGIUNZ. DI PAGAMENTO PROT. N. 23470 DEL 18/07/2014 - RATEIZZAZIONE PROT. N. 26683 DEL 27/08/2014 (10 RATE)		0	0									S	16918			N																	31	0
41101661	A	2016	2015	297	0	0		20000350	0	1	2015-11-23		D	149500	149500	CONTRIB. D.MIPAAF N. 93824/2014 - PROGETTO "LA RISAIA A MILANO" ATTIVITA' N. 2 E 4 ANTICIPO ALL'APS STRADA DEL RISO V.SE DI QUALITA'		0	0		2015	185	S9||K				DEFINITIVO	S	26814			N																	31	1
36991272	A	2016	2012	489	0	0		30002600	0	1	2012-12-10		P	1502,66	1502,66	SAZNIONE AMM.VA - ORD. INGIUNZIONE DI PAGAMENTO PROT. N. 0083551/000 DEL 23/09/2012 (RATEIZZ. PROT. N. 0098977/000 DEL 05/12/2012 - 15 RATE)		0	0									S	25165			N																	31	0
36991337	A	2016	2012	529	0	0		10000800	0	1	2012-12-31		P	3236,54	3236,54	L.R. 24/02 ART. 16, COMMA 7 (L.R. 59/95 - L.R. 24/02) CONTRIB. A CARICO GESTORI DISCARICHE - 2°+3° TRIM. 2012 (SOCIETA' IN CONCORDATO PREVENTIVO - ACC. COME DA NS. PROT. N. 6949 DEL 22/01/20013)		0	0									S	22068			N																	31	0
36990015	A	2016	2010	126	0	0		30002600	0	1	2010-03-15		P	402	402	SANZIONE AMM.VA - ORDINANZA DI INGIUNZIONE DI PAGAMENTO PROT. N. 0008845/000 DEL 01.02.2010 (8 RATE)		0	0									S	20259			N																	31	0
36990131	A	2016	2010	306	0	0		30000400	0	1	2010-07-08		P	6023,02	6023,02	Rimborso spese d'istruttoria pratiche di prevenzione e riduzione integrate dell'inquinamento - I.P.P.C. e  A.I.A.  (24 RATE - LA 1A RATA INCASS. SU ACC. 109/2010) - TERRAVERDE SAS		0	0									S	20749			N																	31	0
36991518	A	2016	2012	542	0	0		30000400	0	1	2012-12-31		P	448	448	RIMB. SPESE CONTROLLI AUTORIZZ. INTEGRATA AMBIENTALE(SOC. IN CONCORDATO PREVENTIVO-PROT. N. 6949 DEL 22/01/2013-ACC. 10% DI EURO 4.483,00 AMMESSO AL RISARCIM. DA CONCORD. PREV.-MAIL 05/02/2012) - VERCELLI ENERGIA SRL		0	0									S	22068			N																	31	0
36991517	A	2016	2012	541	0	0		30000400	0	1	2012-12-31		P	4537	4537	RIMB. SPESE CONTROLLI AUTORIZZ. INTEGRATA AMBIENTALE - COME DA CONCORDATO PREVENTIVO TRIBUNALE DI LA SPEZIA (MAIL DR.SSA BIGATTI DEL 05/02/2012) - VERCELLI ENERGIA SRL		0	0									S	22068			N																	31	0
36991159	A	2016	2012	449	0	0		30002600	0	1	2012-11-15		P	1043,34	1043,34	SANZIONE AMM.VA - ORD. IN GIUNZ. DI PAGAMENTO PROT. N. 0093267/000 DEL 24/10/2011		0	0									S	20474			N																	31	0
36990737	A	2016	2012	100	0	0		30002600	0	1	2012-03-02		P	1610	1610	SANZIONE AMM.VA - ORDINANZIA INGIUNZIONE DI PAGAMENTO PROT. N. 0073855/000 DEL 23/08/2011 (RATEIZAZIONE PROT. N. 0016889/000 DEL 27/02/2012 - 10 RATE)		0	0									S	24706			N																	31	0
36991270	A	2016	2012	450	0	0		30002600	0	1	2012-11-15		P	1610	1610	SANZIONE AMM.VA - ORD. INGIUNZIONE DI PAGAMENTO PROT. N. 0086069 DEL 17/10/2012 (10 RATE)		0	0									S	25128			N																	31	0
36988817	A	2016	2013	433	0	0		30002600	0	1	2013-12-31		P	77,5	77,5	SANZIONE AMM.VA - ORD. ING. PAGAMENTO PROT. N. 84864 DEL 08/11/2013 (4 RATE)		0	0									S	25744			N																	31	0
36991454	A	2016	2013	89	0	0		30002600	0	1	2013-02-04		P	538,22	538,22	SANZIONE AMM.VA - ORD. INGIUNZIONE DI PAGAEMNTO PROT. N. 0087738/000 DEL 24/10/2012 (RATEIZZ. I  15 RATE)		0	0									S	17728			N																	31	0
41787026	A	2016	2015	341	0	0		20000110	0	1	2015-12-31		P	267445,19	267445,19	Fondo per straordinarie esigenze finanziarie - art. 8, comma 13ter, D. L. 19 Giugno 2015, n. 78 - 2015    (D.M.INTERNO 08/10/2015)		0	0									S	11228			N																	31	0
36992835	A	2016	2014	318	0	0		90000700	0	1	2014-12-31		P	2213	2213	COMUNE DI VERCELLI - RIMB. IMU VERSATA PER PALESTRA EX IPAI AI SENSI CONVENZIONE PROV. VC/COMUNE VC EX-IPAI		0	0									S	750			N																	31	0
41890628	A	2016	2015	348	0	0		90000700	0	1	2015-12-31		D	1101,43	1101,43	RIMB. SOMMA NON SPESA CAPI GIURISDIZIONE FONDO ANNO 2015 (EURO 19,00 GILARDI N. - EURO 0,54 PIZZERA D. - EURO 384,40 RAMELETTI L. - EURO 697,49 PIACENTINI C.) 		0	0		2015	3066	S6||K				DEFINITIVO	S	2006			N																	31	1
36872944	A	2016	2015	3	0	0		90000700	0	1	2015-01-19		P	854	854	RIMBORSO SINISTRO FURTO PC SETTORE AMBIENTE (VEDI IMP. 23/2015)		0	0									N				N																	31	0
41890629	A	2016	2015	349	0	0		90000700	0	1	2015-12-31		P	1641,71	1641,71	RIMBORSO VERSAMENTO IMPOSTA REGISTRO PER SCRITTURA PRIVATA CONSORZIO NEGOTIUM  (VEDI IMP. 1863/2015)		0	0									S	21409			N																	31	0
36991762	A	2016	2013	450	0	0		50000400	0	1	2013-12-31		P	209468,36	209468,36	PRELIEVO DAL C/C/ MUTUI N. 103124256  C/O UNICREDIT - SALDO AL 31/12/2015		0	0									S	2006			N																	31	0
38495014	A	2016	2016	12	0	0			0	1	2016-01-01		P	119101,62	119101,62	CONTRIBUTO DIRETTIVA APPRENDISTATO PROFESSIONALIZZANTE - 2012/2014 - DGR N. 64/2012 - DET. REG.LE N. 650 DEL 13/11/20012		0	0									S	262			N																	31	0
38495006	A	2016	2016	7	0	0			0	1	2016-01-01		P	276453,23	276453,23	DIRETTIVA DIRITTO/DOVERE ISTRUZ. E FORMAZ. PROF.LE - FONDI STATALI - DGR N. 13-6025 DEL 28/06/2013     (PEG SPESA 2074/2)     -     VEDI ANCHE ACC. 236/2014		0	0									S	262			N																	31	0
38494950	A	2016	2016	4	0	0			0	1	2016-01-01		P	415173,5	415173,5	DIRETTIVA DIRITTO/DOVERE ISTRUZIONE E FORMAZ. PROF.LE - FONDI COMUNITARI - DGR N. 13-6025 DEL 28/06/2013   (PEG SPESA 2074/1)		0	0									S	262			N																	31	0
38494954	A	2016	2016	6	0	0			0	1	2016-01-01		P	86236,26	86236,26	DIRETTIVA DIRITTO/DOVERE - OBBLIGO ISTRUZIONE - FONDI STATALI - VI CICLO   (DGR N. 33-4189/2012 - SPESA PEG 2074/2)   -  VEDI ACC. N. 215-216 DEL 2015		0	0									S	262			N																	31	0
38495068	A	2016	2016	13	0	0			0	1	2016-01-01		D	14866,18	14866,18	CONTRIBUTO L.R. 34/2008 - IMPIEGO TEMP. E STRAORD. LAV. DISOCCUPATI IN CANTIERI DI LAVORO - 2014     (DGR N. 22-7439 DEL 15/04/2014 - DDR. 342 DEL 06/05/2014)     -     CAP SPESA 4750/2014		0	0		2014	1955	D4||K				DEFINITIVO	S	262			N																	31	1
38495008	A	2016	2016	9	0	0			0	1	2016-01-01		P	285986,03	285986,03	DIRETTIVA OBBLIGO DI ISTRUZIONE 2012/2015 - VI CICLO - DGR N. 33-4189/2012 (BILANCIO REG.LE) SPESA PEG 2074/3  -  VEDI ANCHE ACC. 360/2012		0	0									S	262			N																	31	0
38495070	A	2016	2016	15	0	0			0	1	2016-01-01		P	9308	9308	CONTRIBUTOl F.S.E. - Obiettivo 3 Misure A2 - A3 - B1 - D3 - E1 LINEA 1 (PRESTAZ. SERVIZIO-VOUCHER DI CONCILIAZIONE - DGR N. 53-8998 DEL 16/06/08) - 2010		0	0									S	262			N																	31	0
38495131	A	2016	2016	17	0	0			0	1	2016-01-01		D	36999,24	36999,24	CONTRIBUTO P.S.R. 2007/2013 - MISURA 323 AZ. 1B - INTERVENTO N. 1 "NUOVI STRUMENTI DI CONSERVAZIONE E VALORIZZAZIONE DELL'AGROECOSISTEMA RISICOLO"     (DGR N. 44-7485/2007 - DGR N. 39-246/2001 - DDR N. 437 DEL 19/12/2011 - DDR N. 256 DEL 02/05/2013)		0	0		2014	1082	D8||K				DEFINITIVO	S	262			N																	31	1
38495132	A	2016	2016	18	0	0			0	1	2016-01-01		D	4685	4685	CONTRIBUTO P.S.R. 2007/2013 - MISURA 323 AZ. 1B - INTERVENTO N. 2 "PROGETTO DI TUTELA E RIQUALIFICAZIONE AMBIENTALE IN AREA VALSESIANA" (DGR N. 44-7485/2007 - DGR N. 39-246/2001 - DDR N. 437 DEL 19/12/2011 - DDR N. 256 DEL 02/05/2013) SPESA 3346/2014		0	0		2014	1082	D8||K				DEFINITIVO	S	262			N																	31	1
38495193	A	2016	2017	1	0	1			0	1	2016-01-01		P	370022,55	370022,55	PIANO REG.LE INVESTIMENTI - CONVENZIONE REGIONE PIEMONTE/ARES REP. N. 12573/2007 - SR 455 ADEGUAMENTO CARREGGIATA TRATTA "VERCELLI-TRICERRO" (NOTA SCR PIEMONTE DEL 02/02/2012)		0	0									S	262			N																	31	0
38495187	A	2016	2016	19	0	0			0	1	2016-01-01		D	386000	386000	CONTRIBUTO MITIGAZ. RISCHIO IDROGEOLOGICO - SP N. 230 "DI MASSAZZA" LAV. PONTE TORRENTE CERVO IN COMUNE DI QUINTO V.SE     (CAP SPESA 7280/2014)		0	0		2014	61	DG||K				DEFINITIVO	S	262			N																	31	1
38495192	A	2016	2016	22	0	0			0	1	2016-01-01		P	1480090,2	1480090,2	PIANO REG.LE INVESTIMENTI - CONVENZIONE REGIONE PIEMONTE/ARES REP. N. 12573/2007 - SR 455 ADEGUAMENTO CARREGGIATA TRATTA "VERCELLI-TRICERRO" (NOTA SCR PIEMONTE DEL 02/02/2012)		0	0									S	262			N																	31	0
38495188	A	2016	2016	20	0	0			0	1	2016-01-01		D	96471,08	96471,08	CONTRIBUTO MITIGAZ. RISCHIO IDROGEOLOGICO - SP N. 9 "DI VALLE MASTALLONE" LAV. CONSOLIDAM. SCARPATA IN COMUNE DI CERVATTO (CAP SPESA 7280/2014) 		0	0		2014	77	DG||K				DEFINITIVO	S	262			N																	31	1
38495190	A	2016	2016	21	0	0			0	1	2016-01-01		P	190055,63	190055,63	PIANO REG.LE RETE STRADALE TRASFERITA - SP 299 "DI ALAGNA" - MIGLIORAM. SICUREZZA CIRCOLAZ. AREA ALTA VALS. DA VARALLO A RIVA VALDOBBIA		0	0									S	262			N																	31	0
40230948	A	2016	2016	23	0	0			0	1	2016-01-01		D	43220	43220	Tributo funzioni tutela protezione igiene ambiente - TEFA - ANNUALITA' PREGRESSE 2005/2008 - DILAZIONE DI PAGAMENTO 6 RATE ANNUALI DAL 2015 AL 2020 - RATA 2016		0	0		2015	2177	S7||K				DEFINITIVO	S	632			N																	31	1
40230949	A	2016	2017	2	0	1			0	1	2016-01-01		D	43220	43220	Tributo funzioni tutela protezione igiene ambiente - TEFA - ANNUALITA' PREGRESSE 2005/2008 - DILAZIONE DI PAGAMENTO 6 RATE ANNUALI DAL 2015 AL 2020 - RATA 2017		0	0		2015	2177	S7||K				DEFINITIVO	S	632			N																	31	1
41934526	A	2016	2015	358	0	0		30002900	0	1	2015-12-31		P	275,25	275,25	INTERESSI SU CONTO TESORERIA UNICA - 2015		0	0									S	11029			N																	31	0
41101664	A	2016	2015	300	0	0		30001600	0	1	2015-11-26		P	40000	40000	FITTO IMMOBILE "EX S. GIUSEPPE" - P.ZZA S. EUSEBIO/VERCELLI ANNO 2015 (NS. PROT. N. 40033 DEL 26/11/2015) 		0	0									S	18669			N																	31	0
37611559	A	2016	2014	330	0	0		30001600	0	1	2014-12-31		P	1800	1800	FITTO MAGAZZINI C.SO FIUME/VC # 01/01/20014 - 15/05/2014 (FINE CONTRATTO)		0	0									S	11745			N																	31	0
37210943	A	2016	2015	60	0	0		30001700	0	1	2015-02-03		P	6,65	6,65	FITTO RELIQUATO STRADALE SP OLCENENGO/STRELLA/SS 11 PADANA SUP. - ANNO 2015		0	0									S	11790			N																	31	0
37853457	A	2016	2015	105	0	0		10000400	0	1	2015-03-26		P	21263,05	21263,05	Tributo funzioni tutela protezione igiene ambiente - TEFA - ANNUALITA' PREGRESSE 2005/2012 		0	0									S	2299			N																	31	0
37853458	A	2016	2015	106	0	0		10000400	0	1	2015-03-26		P	3523,58	3523,58	Tributo funzioni tutela protezione igiene ambiente - TEFA - ANNUALITA' PREGRESSE 2005/2012 		0	0									S	11345			N																	31	0
41706391	A	2016	2015	331	0	0		20002600	0	1	2015-12-31		D	598868,85	598868,85	CONTRIBUTO FUNZIONI CONFERITE INTESA QUADRO DEFINIZIONE RAPPORTI ANNI 2011-2013-2014-2015+INTEGRAZ.   (VERBALE RIUNIONE REGIONE/PROVINCE DEL 18/09/2015)		0	0		2015	113	DG||K				DEFINITIVO	S	262			N																	31	1
37800487	A	2016	2015	100	0	0		10000400	0	1	2015-03-26		P	41184,44	41184,44	Tributo per esercizio funzioni tutela protezione ed igiene ambiente - 2015		0	0									N				N																	31	0
36988523	A	2016	2013	327	0	0		30003200	0	1	2013-10-29		P	176,66	176,66	SANZIONE AMM.VA - OMESSO PAGAMENTO IPT (VEICOLO EL 916 XD) - 6 RATE 		0	0									S	25639			N																	31	0
40329107	A	2016	2015	245	0	0		30003200	0	1	2015-10-01		P	156	156	RIMB. 50% SPESE DI REGISTRO CONTRATTO LOCAZ. PORZIONE ITC "SRAFFA" IN SANTHIA' (NS. PROT. N. 0032922 DEL 28/09/2015)		0	0									S	23207			N																	31	0
37949787	A	2016	2015	118	0	0		30001600	0	1	2015-04-02		P	56706,87	56706,87	FITTO LOCALI PREFETTURA E ALLOGGIO PREFETTIZIO - 2015		0	0									S	11228			N																	31	0
36991584	A	2016	2013	165	0	0		30001600	0	1	2013-04-09		P	1600	1600	FITTO MAGAZZINI C.SO FIUME/VC # 01/09/2013 - 31/12/2013		0	0									S	11745			N																	31	0
36991274	A	2016	2012	512	0	0		30003100	0	1	2012-12-31		N	55750,91	55750,91	CREDITI DA SENTENZE AMMINISTRATORI (C.P. N. 89 DEL 29/11/2012 - SENTENZE S.R. C/CONTI N. 142 E N. 143 DEL 03/10/2012 - SENTENZA C/CONTI M.R. N. 4/2012)		0	0		2012	89	DC||K				DEFINITIVO	N				N																	31	1
36992057	A	2016	2014	230	0	0		20002600	0	1	2014-10-02		P	619723,96	619723,96	L.R. 34/98 - 17/99 - 44/00. CONTRIBUTO FONDO UNICO ESERCIZIO FUNZIONI CONFERITE - 2014     (DDR N. 165 DEL 29/07/2014 - ATTO DI LIQ. N. 185 DEL 29/07/2014)		0	0									S	262			N																	31	0
36989060	A	2016	2006	502	0	0		30003200	0	1	2006-12-21		D	7764	7764	RECUPERO CONTRIBUTO FINANZIAMENTO PER PASSAGGIO TARIFFA RIFIUTI NON ADOTTATA DAL COMUNE DI VERCELLI		0	0		2006	6372	D8||K				DEFINITIVO	S	750			N																	31	1
36988340	A	2016	2014	1	0	0		90000400	0	1	2014-01-15		P	679,31	679,31	RITENUTE IRPEF - 2014		0	0									N				N																	31	0
37168861	A	2016	2015	40	0	0		90000500	0	1	2015-01-29		P	0,2	0,2	RITENUTE PREV.LI ED ASS.LI - 2015		0	0									S	2006			N																	31	0
36989593	A	2016	2007	533	0	0		40002400	0	1	2007-12-31		P	1765	1765	INDENNITA' ESPROPRIO TERRENO CASCINA RANTIVA - FG. 78 MAPP. 189 (NOTA NS. LLPP DEL 12.07.99) - COMUNE DI VERCELLI		0	0									S	750			N																	31	0
36989592	A	2016	2007	532	0	0		40002400	0	1	2007-12-31		P	2928,42	2928,42	INDENNITA' ESPROPRIO TERRENO - CASCINA RANTIVA  - FG. 78-MAPP. 91+488 (NS. NOTA PROT. N. 31583 DEL 21.07.03) - COMUNE DI VERCELLI		0	0									S	750			N																	31	0
38494892	A	2016	2016	1	0	0			0	1	2016-01-01		P	8145,18	8145,18	DIRETTIVA FORMAZIONE PER LA SALUTE E LA SICUREZZA SUI LUOGHI DI LAVORO 2012/2014 (DGR N. 26-4083 DEL 02/07/2012 - DET. REG. N. 539 DEL 24/09/2012)		0	0									S	262			N																	31	0
38494893	A	2016	2016	2	0	0			0	1	2016-01-01		P	22757,8	22757,8	Direttiva formazione per la salute e la sicurezza sui luoghi di lavoro - FONDI ANNO 2013  (DET. REG. N. 539 DEL 24/09/2012 - VEDI ANCHE ACC. 436/2012)		0	0									S	262			N																	31	0
38495007	A	2016	2016	8	0	0			0	1	2016-01-01		P	549900	549900	CONTRIBUTO OBBLIGO ISTRUZIONE 2014/2017 - DGR N. 40/2013 E N. 34/2014		0	0									S	262			N																	31	0
38494945	A	2016	2016	3	0	0			0	1	2016-01-01		P	99829,06	99829,06	CONTRIB. DIRETTIVA FCI 2008/2014 - L. 236/93 (DD. N. 829/2012 - DDR 605 DEL 24/10/2013)		0	0									S	262			N																	31	0
38495125	A	2016	2016	16	0	0			0	1	2016-01-01		P	2370,41	2370,41	CONTRIB. ACQUIS. SERVIZI A FAVORE PERSONE IN INSERIM./REINSERIM. LAVORATIVO - VOUCHER CONCILIAZ. (REG. CE N. 1083/06 FSE 2007/2013 OB. 2 (DGR N. 60-7429 DEL 12/11/2007 POR ASSE II "OCCUPABILITA' OB. SPEC. E) ATTIVITA' 7( DGR N. 10-4533DEL 10/09/2012		0	0									S	262			N																	31	0
41706390	A	2016	2016	25	0	0			0	1	2016-01-01		D	32283,01	32283,01	CONTRIB. FCI FORMAZIONE CONTINUA INDIVIDUALE - FONDI L. 53/2000 - DECRETO 87/2014 (CAP. SPESA 2069/1-2016)		0	0		2015	2351	S4||K				DEFINITIVO	S	262			N																	31	1
38495010	A	2016	2016	10	0	0			0	1	2016-01-01		P	276266,73	276266,73	DIRETTIVA DIRITTO/DOVERE ISTRUZ. E FORMAZ. PROF.LE - FONDI REGIONALE - DGR N. 13-6025 DEL 28/06/2013     (PEG SPESA 2074/3)		0	0									S	262			N																	31	0
38495069	A	2016	2016	14	0	0			0	1	2016-01-01		D	40058,1	40058,1	L.R. 34/2008 - CONTRIBUTO IMPIEGO TEMP. E STRAORD. SOGGETTI SOTTOPOSTI A MISURE RESTRITTIVE LIBERTA' PERSONALE - 2014     (DGR N. 23-7440 DEL 15/04/2014 - DDR N. 341 DEL 06/05/2014)     -     CAP SPESA 4751/2014		0	0		2014	1956	D4||K				DEFINITIVO	S	262			N																	31	1
38495012	A	2016	2016	11	0	0			0	1	2016-01-01		P	535290	535290	CONTRIBUTO OBBLIGO ISTRUZIONE 2014/2017 B.R.		0	0									S	262			N																	31	0
38494952	A	2016	2016	5	0	0			0	1	2016-01-01		P	253246	253246	CONTRIBUTO OBBLIGO ISTRUZIONE 2014/2017 - PON		0	0									S	262			N																	31	0
